"path","functional_area","disposition","v2_destination_or_replacement","reason","required_invariant_to_preserve","migration_milestone","inspection_basis","source_lines","internal_imports","inbound_imports"
"src/ai4s_agent/__init__.py","legacy package boundary","ARCHIVE","none (frozen v1 only)","Package initialization has no independent Core v2 contract or authority.","Core v2 does not depend on legacy package initialization side effects.","C1,C2","exact HEAD bc379401fd4d88efc714fb878628cb29e49765d2 AST parse + source/import/inbound scan; representative source review","6","1","0"
"src/ai4s_agent/_utils.py","core persistence utilities","MIGRATE","src/molly/core/_utils.py; src/molly/core/ledger.py","Retain canonicalization, digest, time, locking, and atomic-write helpers without the legacy package dependency.","Canonical serialization and atomic persistence are deterministic and content-addressed.","CORE-01","exact HEAD bc379401fd4d88efc714fb878628cb29e49765d2 AST parse + source/import/inbound scan; representative source review","144","0","0"
"src/ai4s_agent/actor_identity.py","legacy v1 package","ARCHIVE","none (frozen v1 only)","Retain this v1 implementation in the immutable rollback line; it is not a Core v2 authority.","Frozen v1 behavior remains recoverable and is not imported by the Core v2 runtime.","C1,C2","exact HEAD bc379401fd4d88efc714fb878628cb29e49765d2 AST parse + source/import/inbound scan; representative source review","87","0","0"
"src/ai4s_agent/adapter_bindings.py","legacy adapter binding","ARCHIVE","none (frozen v1 only)","The v1 adapter binding layer is frozen; bounded v2 providers will declare their own contracts.","Core v2 has no implicit adapter registry or hidden provider binding.","C1,C2","exact HEAD bc379401fd4d88efc714fb878628cb29e49765d2 AST parse + source/import/inbound scan; representative source review","211","2","0"
"src/ai4s_agent/adapters/__init__.py","legacy package boundary","ARCHIVE","none (frozen v1 only)","Package initialization has no independent Core v2 contract or authority.","Core v2 does not depend on legacy package initialization side effects.","C1,C2","exact HEAD bc379401fd4d88efc714fb878628cb29e49765d2 AST parse + source/import/inbound scan; representative source review","177","13","0"
"src/ai4s_agent/adapters/br2_contextual_mapping.py","adapter and integration boundary","SIMPLIFY","src/molly/evidence/mapping.py","Retain schema-valid contextual mapping and evidence binding without conversation, authority, or publication wrappers.","Mapped claims remain bound to source locators and input artifact digests.","CORE-05","exact HEAD bc379401fd4d88efc714fb878628cb29e49765d2 AST parse + source/import/inbound scan; representative source review","841","15","0"
"src/ai4s_agent/adapters/claude_scripts.py","adapter and integration boundary","ARCHIVE","none (frozen v1 only)","Demo and bounded-controller wrappers belong to the frozen v1 execution surface.","No demo or controller wrapper becomes a Core v2 authority.","C1,C2","exact HEAD bc379401fd4d88efc714fb878628cb29e49765d2 AST parse + source/import/inbound scan; representative source review","57","0","0"
"src/ai4s_agent/adapters/contract_validation.py","adapter and integration boundary","MIGRATE","src/molly/core/validation.py","Retain bounded schema and contract validation primitives.","Invalid tool, artifact, and evidence records fail closed before execution or publication.","CORE-01,CORE-02","exact HEAD bc379401fd4d88efc714fb878628cb29e49765d2 AST parse + source/import/inbound scan; representative source review","91","1","0"
"src/ai4s_agent/adapters/oled_bounded_discovery_controller.py","adapter and integration boundary","ARCHIVE","none (frozen v1 only)","Demo and bounded-controller wrappers belong to the frozen v1 execution surface.","No demo or controller wrapper becomes a Core v2 authority.","C1,C2","exact HEAD bc379401fd4d88efc714fb878628cb29e49765d2 AST parse + source/import/inbound scan; representative source review","78","2","0"
"src/ai4s_agent/adapters/oled_candidate_decision.py","adapter and integration boundary","MIGRATE","src/molly/domains/oled/ or src/molly/evidence/","Retain pure domain extraction and validation behavior behind bounded Core v2 contracts.","Domain records preserve units, conditions, source locators, and content lineage.","CORE-05","exact HEAD bc379401fd4d88efc714fb878628cb29e49765d2 AST parse + source/import/inbound scan; representative source review","117","2","0"
"src/ai4s_agent/adapters/oled_demo.py","adapter and integration boundary","ARCHIVE","none (frozen v1 only)","Demo and bounded-controller wrappers belong to the frozen v1 execution surface.","No demo or controller wrapper becomes a Core v2 authority.","C1,C2","exact HEAD bc379401fd4d88efc714fb878628cb29e49765d2 AST parse + source/import/inbound scan; representative source review","47","2","0"
"src/ai4s_agent/adapters/oled_experiment_batch_selection.py","adapter and integration boundary","MIGRATE","src/molly/domains/oled/ or src/molly/evidence/","Retain pure domain extraction and validation behavior behind bounded Core v2 contracts.","Domain records preserve units, conditions, source locators, and content lineage.","CORE-05","exact HEAD bc379401fd4d88efc714fb878628cb29e49765d2 AST parse + source/import/inbound scan; representative source review","198","3","0"
"src/ai4s_agent/adapters/oled_generated_candidate_evaluation.py","adapter and integration boundary","MIGRATE","src/molly/domains/oled/ or src/molly/evidence/","Retain pure domain extraction and validation behavior behind bounded Core v2 contracts.","Domain records preserve units, conditions, source locators, and content lineage.","CORE-05","exact HEAD bc379401fd4d88efc714fb878628cb29e49765d2 AST parse + source/import/inbound scan; representative source review","135","2","0"
"src/ai4s_agent/adapters/oled_inverse_design.py","adapter and integration boundary","PLUGIN","plugins/br1_inverse_design/","Scientific model, ranking, and inverse-design integration remains an optional BR1/tool environment.","BR1 artifacts are current-run bound, review-gated, and never mandatory for Core/minimal.","CORE-06","exact HEAD bc379401fd4d88efc714fb878628cb29e49765d2 AST parse + source/import/inbound scan; representative source review","212","4","0"
"src/ai4s_agent/adapters/oled_registry_screening.py","adapter and integration boundary","MIGRATE","src/molly/domains/oled/ or src/molly/evidence/","Retain pure domain extraction and validation behavior behind bounded Core v2 contracts.","Domain records preserve units, conditions, source locators, and content lineage.","CORE-05","exact HEAD bc379401fd4d88efc714fb878628cb29e49765d2 AST parse + source/import/inbound scan; representative source review","117","3","0"
"src/ai4s_agent/adapters/phase1.py","adapter and integration boundary","PLUGIN","plugins/br1_inverse_design/","Scientific model, ranking, and inverse-design integration remains an optional BR1/tool environment.","BR1 artifacts are current-run bound, review-gated, and never mandatory for Core/minimal.","CORE-06","exact HEAD bc379401fd4d88efc714fb878628cb29e49765d2 AST parse + source/import/inbound scan; representative source review","3137","9","0"
"src/ai4s_agent/adapters/phase3.py","adapter and integration boundary","MIGRATE","src/molly/acquisition/; src/molly/documents/; src/molly/evidence/","Extract only pure parsing, extraction, and normalization behavior into bounded v2 modules.","Source-format adapters preserve locators, content identity, and evidence provenance.","CORE-03,CORE-04,CORE-05","exact HEAD bc379401fd4d88efc714fb878628cb29e49765d2 AST parse + source/import/inbound scan; representative source review","4231","5","0"
"src/ai4s_agent/adapters/runtime.py","adapter and integration boundary","PLUGIN","src/molly/documents/parsers/ or plugins/br1_inverse_design/","Provider and runtime integration stays behind an optional adapter boundary.","Optional provider failures cannot alter Core authority or leak credentials.","CORE-04,CORE-06","exact HEAD bc379401fd4d88efc714fb878628cb29e49765d2 AST parse + source/import/inbound scan; representative source review","188","0","0"
"src/ai4s_agent/adapters/structured_dataset_canary.py","adapter and integration boundary","REFERENCE_ONLY","docs/v2/fixtures/ and future bounded acceptance runners","Canary behavior is evidence input, not a v2 runtime dependency.","Acceptance evidence identifies exact inputs and does not imply fresh scientific parity.","C6","exact HEAD bc379401fd4d88efc714fb878628cb29e49765d2 AST parse + source/import/inbound scan; representative source review","2091","8","0"
"src/ai4s_agent/agent_run_inspection.py","read-only inspection and result projection","SIMPLIFY","src/molly/core/inspection.py; src/molly/evidence/","Retain read-only projections over factual artifacts and ledger records.","Inspection is reproducible and cannot authorize, mutate, or reinterpret execution facts.","CORE-01,CORE-07","exact HEAD bc379401fd4d88efc714fb878628cb29e49765d2 AST parse + source/import/inbound scan; representative source review","1307","8","0"
"src/ai4s_agent/agents/__init__.py","legacy package boundary","ARCHIVE","none (frozen v1 only)","Package initialization has no independent Core v2 contract or authority.","Core v2 does not depend on legacy package initialization side effects.","C1,C2","exact HEAD bc379401fd4d88efc714fb878628cb29e49765d2 AST parse + source/import/inbound scan; representative source review","49","22","0"
"src/ai4s_agent/agents/action_handoff.py","agent/tool and legacy agent modules","ARCHIVE","none (frozen v1 only)","Legacy agent specialization remains available for v1 rollback; future capabilities enter through the closed ToolRegistry.","No legacy agent module is imported as an independent Core v2 authority.","C1,C2","exact HEAD bc379401fd4d88efc714fb878628cb29e49765d2 AST parse + source/import/inbound scan; representative source review","324","5","0"
"src/ai4s_agent/agents/conversation.py","agent/tool and legacy agent modules","ARCHIVE","none (frozen v1 only)","Legacy agent specialization remains available for v1 rollback; future capabilities enter through the closed ToolRegistry.","No legacy agent module is imported as an independent Core v2 authority.","C1,C2","exact HEAD bc379401fd4d88efc714fb878628cb29e49765d2 AST parse + source/import/inbound scan; representative source review","621","2","0"
"src/ai4s_agent/agents/critic.py","agent/tool and legacy agent modules","ARCHIVE","none (frozen v1 only)","Legacy agent specialization remains available for v1 rollback; future capabilities enter through the closed ToolRegistry.","No legacy agent module is imported as an independent Core v2 authority.","C1,C2","exact HEAD bc379401fd4d88efc714fb878628cb29e49765d2 AST parse + source/import/inbound scan; representative source review","542","3","0"
"src/ai4s_agent/agents/data_miner.py","agent/tool and legacy agent modules","PLUGIN","plugins/br1_inverse_design/","Modeling, generation, and scientific tool integrations remain optional BR1 capabilities.","BR1 outputs carry current-run model/input/version/seed lineage and are absent from Core/minimal.","CORE-06","exact HEAD bc379401fd4d88efc714fb878628cb29e49765d2 AST parse + source/import/inbound scan; representative source review","12","0","0"
"src/ai4s_agent/agents/dry_run_bridge.py","agent/tool and legacy agent modules","ARCHIVE","none (frozen v1 only)","Legacy agent specialization remains available for v1 rollback; future capabilities enter through the closed ToolRegistry.","No legacy agent module is imported as an independent Core v2 authority.","C1,C2","exact HEAD bc379401fd4d88efc714fb878628cb29e49765d2 AST parse + source/import/inbound scan; representative source review","295","5","0"
"src/ai4s_agent/agents/dry_run_packet.py","agent/tool and legacy agent modules","ARCHIVE","none (frozen v1 only)","Legacy agent specialization remains available for v1 rollback; future capabilities enter through the closed ToolRegistry.","No legacy agent module is imported as an independent Core v2 authority.","C1,C2","exact HEAD bc379401fd4d88efc714fb878628cb29e49765d2 AST parse + source/import/inbound scan; representative source review","272","4","0"
"src/ai4s_agent/agents/evaluation.py","agent/tool and legacy agent modules","PLUGIN","plugins/br1_inverse_design/","Modeling, generation, and scientific tool integrations remain optional BR1 capabilities.","BR1 outputs carry current-run model/input/version/seed lineage and are absent from Core/minimal.","CORE-06","exact HEAD bc379401fd4d88efc714fb878628cb29e49765d2 AST parse + source/import/inbound scan; representative source review","61","0","0"
"src/ai4s_agent/agents/execution_preview.py","agent/tool and legacy agent modules","ARCHIVE","none (frozen v1 only)","Legacy agent specialization remains available for v1 rollback; future capabilities enter through the closed ToolRegistry.","No legacy agent module is imported as an independent Core v2 authority.","C1,C2","exact HEAD bc379401fd4d88efc714fb878628cb29e49765d2 AST parse + source/import/inbound scan; representative source review","340","5","0"
"src/ai4s_agent/agents/generation.py","agent/tool and legacy agent modules","PLUGIN","plugins/br1_inverse_design/","Modeling, generation, and scientific tool integrations remain optional BR1 capabilities.","BR1 outputs carry current-run model/input/version/seed lineage and are absent from Core/minimal.","CORE-06","exact HEAD bc379401fd4d88efc714fb878628cb29e49765d2 AST parse + source/import/inbound scan; representative source review","232","3","0"
"src/ai4s_agent/agents/generator_reinvent4.py","agent/tool and legacy agent modules","PLUGIN","plugins/br1_inverse_design/","Modeling, generation, and scientific tool integrations remain optional BR1 capabilities.","BR1 outputs carry current-run model/input/version/seed lineage and are absent from Core/minimal.","CORE-06","exact HEAD bc379401fd4d88efc714fb878628cb29e49765d2 AST parse + source/import/inbound scan; representative source review","13","0","0"
"src/ai4s_agent/agents/modeling.py","agent/tool and legacy agent modules","PLUGIN","plugins/br1_inverse_design/","Modeling, generation, and scientific tool integrations remain optional BR1 capabilities.","BR1 outputs carry current-run model/input/version/seed lineage and are absent from Core/minimal.","CORE-06","exact HEAD bc379401fd4d88efc714fb878628cb29e49765d2 AST parse + source/import/inbound scan; representative source review","1341","4","0"
"src/ai4s_agent/agents/observer.py","agent/tool and legacy agent modules","PLUGIN","src/molly/observability/","Observer behavior is optional and read-only relative to the RunLedger.","Observer/exporter failure cannot alter the run outcome or expose private payloads.","CORE-07","exact HEAD bc379401fd4d88efc714fb878628cb29e49765d2 AST parse + source/import/inbound scan; representative source review","198","4","0"
"src/ai4s_agent/agents/oled_discovery.py","agent/tool and legacy agent modules","MIGRATE","src/molly/domains/oled/; src/molly/evidence/","Retain bounded OLED review/discovery semantics without the v1 controller or conversation authority.","OLED decisions are evidence-bound, policy-bounded, and non-authoritative projections.","CORE-05","exact HEAD bc379401fd4d88efc714fb878628cb29e49765d2 AST parse + source/import/inbound scan; representative source review","598","3","0"
"src/ai4s_agent/agents/oled_local_demo_cancel.py","agent/tool and legacy agent modules","ARCHIVE","none (frozen v1 only)","Legacy agent specialization remains available for v1 rollback; future capabilities enter through the closed ToolRegistry.","No legacy agent module is imported as an independent Core v2 authority.","C1,C2","exact HEAD bc379401fd4d88efc714fb878628cb29e49765d2 AST parse + source/import/inbound scan; representative source review","66","1","0"
"src/ai4s_agent/agents/oled_local_demo_enqueue.py","agent/tool and legacy agent modules","ARCHIVE","none (frozen v1 only)","Legacy agent specialization remains available for v1 rollback; future capabilities enter through the closed ToolRegistry.","No legacy agent module is imported as an independent Core v2 authority.","C1,C2","exact HEAD bc379401fd4d88efc714fb878628cb29e49765d2 AST parse + source/import/inbound scan; representative source review","89","1","0"
"src/ai4s_agent/agents/oled_local_demo_execution.py","agent/tool and legacy agent modules","ARCHIVE","none (frozen v1 only)","Legacy agent specialization remains available for v1 rollback; future capabilities enter through the closed ToolRegistry.","No legacy agent module is imported as an independent Core v2 authority.","C1,C2","exact HEAD bc379401fd4d88efc714fb878628cb29e49765d2 AST parse + source/import/inbound scan; representative source review","128","2","0"
"src/ai4s_agent/agents/oled_local_demo_generic_allowlist.py","agent/tool and legacy agent modules","ARCHIVE","none (frozen v1 only)","Legacy agent specialization remains available for v1 rollback; future capabilities enter through the closed ToolRegistry.","No legacy agent module is imported as an independent Core v2 authority.","C1,C2","exact HEAD bc379401fd4d88efc714fb878628cb29e49765d2 AST parse + source/import/inbound scan; representative source review","63","1","0"
"src/ai4s_agent/agents/oled_local_demo_generic_cancel.py","agent/tool and legacy agent modules","ARCHIVE","none (frozen v1 only)","Legacy agent specialization remains available for v1 rollback; future capabilities enter through the closed ToolRegistry.","No legacy agent module is imported as an independent Core v2 authority.","C1,C2","exact HEAD bc379401fd4d88efc714fb878628cb29e49765d2 AST parse + source/import/inbound scan; representative source review","77","2","0"
"src/ai4s_agent/agents/oled_local_demo_generic_enqueue.py","agent/tool and legacy agent modules","ARCHIVE","none (frozen v1 only)","Legacy agent specialization remains available for v1 rollback; future capabilities enter through the closed ToolRegistry.","No legacy agent module is imported as an independent Core v2 authority.","C1,C2","exact HEAD bc379401fd4d88efc714fb878628cb29e49765d2 AST parse + source/import/inbound scan; representative source review","95","4","0"
"src/ai4s_agent/agents/oled_local_demo_generic_queue.py","agent/tool and legacy agent modules","ARCHIVE","none (frozen v1 only)","Legacy agent specialization remains available for v1 rollback; future capabilities enter through the closed ToolRegistry.","No legacy agent module is imported as an independent Core v2 authority.","C1,C2","exact HEAD bc379401fd4d88efc714fb878628cb29e49765d2 AST parse + source/import/inbound scan; representative source review","171","7","0"
"src/ai4s_agent/agents/oled_local_demo_generic_retry.py","agent/tool and legacy agent modules","ARCHIVE","none (frozen v1 only)","Legacy agent specialization remains available for v1 rollback; future capabilities enter through the closed ToolRegistry.","No legacy agent module is imported as an independent Core v2 authority.","C1,C2","exact HEAD bc379401fd4d88efc714fb878628cb29e49765d2 AST parse + source/import/inbound scan; representative source review","101","2","0"
"src/ai4s_agent/agents/oled_local_demo_generic_status.py","agent/tool and legacy agent modules","ARCHIVE","none (frozen v1 only)","Legacy agent specialization remains available for v1 rollback; future capabilities enter through the closed ToolRegistry.","No legacy agent module is imported as an independent Core v2 authority.","C1,C2","exact HEAD bc379401fd4d88efc714fb878628cb29e49765d2 AST parse + source/import/inbound scan; representative source review","205","2","0"
"src/ai4s_agent/agents/oled_local_demo_generic_worker_loop.py","agent/tool and legacy agent modules","ARCHIVE","none (frozen v1 only)","Legacy agent specialization remains available for v1 rollback; future capabilities enter through the closed ToolRegistry.","No legacy agent module is imported as an independent Core v2 authority.","C1,C2","exact HEAD bc379401fd4d88efc714fb878628cb29e49765d2 AST parse + source/import/inbound scan; representative source review","161","8","0"
"src/ai4s_agent/agents/oled_local_demo_health.py","agent/tool and legacy agent modules","ARCHIVE","none (frozen v1 only)","Legacy agent specialization remains available for v1 rollback; future capabilities enter through the closed ToolRegistry.","No legacy agent module is imported as an independent Core v2 authority.","C1,C2","exact HEAD bc379401fd4d88efc714fb878628cb29e49765d2 AST parse + source/import/inbound scan; representative source review","168","2","0"
"src/ai4s_agent/agents/oled_local_demo_retry.py","agent/tool and legacy agent modules","ARCHIVE","none (frozen v1 only)","Legacy agent specialization remains available for v1 rollback; future capabilities enter through the closed ToolRegistry.","No legacy agent module is imported as an independent Core v2 authority.","C1,C2","exact HEAD bc379401fd4d88efc714fb878628cb29e49765d2 AST parse + source/import/inbound scan; representative source review","87","1","0"
"src/ai4s_agent/agents/oled_local_demo_runplan.py","agent/tool and legacy agent modules","ARCHIVE","none (frozen v1 only)","Legacy agent specialization remains available for v1 rollback; future capabilities enter through the closed ToolRegistry.","No legacy agent module is imported as an independent Core v2 authority.","C1,C2","exact HEAD bc379401fd4d88efc714fb878628cb29e49765d2 AST parse + source/import/inbound scan; representative source review","96","4","0"
"src/ai4s_agent/agents/oled_local_demo_status.py","agent/tool and legacy agent modules","ARCHIVE","none (frozen v1 only)","Legacy agent specialization remains available for v1 rollback; future capabilities enter through the closed ToolRegistry.","No legacy agent module is imported as an independent Core v2 authority.","C1,C2","exact HEAD bc379401fd4d88efc714fb878628cb29e49765d2 AST parse + source/import/inbound scan; representative source review","184","1","0"
"src/ai4s_agent/agents/oled_local_demo_worker.py","agent/tool and legacy agent modules","ARCHIVE","none (frozen v1 only)","Legacy agent specialization remains available for v1 rollback; future capabilities enter through the closed ToolRegistry.","No legacy agent module is imported as an independent Core v2 authority.","C1,C2","exact HEAD bc379401fd4d88efc714fb878628cb29e49765d2 AST parse + source/import/inbound scan; representative source review","228","5","0"
"src/ai4s_agent/agents/oled_local_demo_worker_loop.py","agent/tool and legacy agent modules","ARCHIVE","none (frozen v1 only)","Legacy agent specialization remains available for v1 rollback; future capabilities enter through the closed ToolRegistry.","No legacy agent module is imported as an independent Core v2 authority.","C1,C2","exact HEAD bc379401fd4d88efc714fb878628cb29e49765d2 AST parse + source/import/inbound scan; representative source review","132","4","0"
"src/ai4s_agent/agents/oled_mvp_demo.py","agent/tool and legacy agent modules","MIGRATE","src/molly/domains/oled/; src/molly/evidence/","Retain bounded OLED review/discovery semantics without the v1 controller or conversation authority.","OLED decisions are evidence-bound, policy-bounded, and non-authoritative projections.","CORE-05","exact HEAD bc379401fd4d88efc714fb878628cb29e49765d2 AST parse + source/import/inbound scan; representative source review","677","7","0"
"src/ai4s_agent/agents/oled_review_loop.py","agent/tool and legacy agent modules","MIGRATE","src/molly/domains/oled/; src/molly/evidence/","Retain bounded OLED review/discovery semantics without the v1 controller or conversation authority.","OLED decisions are evidence-bound, policy-bounded, and non-authoritative projections.","CORE-05","exact HEAD bc379401fd4d88efc714fb878628cb29e49765d2 AST parse + source/import/inbound scan; representative source review","285","6","0"
"src/ai4s_agent/agents/planner.py","agent/tool and legacy agent modules","ARCHIVE","none (frozen v1 only)","Legacy agent specialization remains available for v1 rollback; future capabilities enter through the closed ToolRegistry.","No legacy agent module is imported as an independent Core v2 authority.","C1,C2","exact HEAD bc379401fd4d88efc714fb878628cb29e49765d2 AST parse + source/import/inbound scan; representative source review","530","3","0"
"src/ai4s_agent/agents/prediction.py","agent/tool and legacy agent modules","PLUGIN","plugins/br1_inverse_design/","Modeling, generation, and scientific tool integrations remain optional BR1 capabilities.","BR1 outputs carry current-run model/input/version/seed lineage and are absent from Core/minimal.","CORE-06","exact HEAD bc379401fd4d88efc714fb878628cb29e49765d2 AST parse + source/import/inbound scan; representative source review","442","4","0"
"src/ai4s_agent/agents/recovery.py","agent/tool and legacy agent modules","ARCHIVE","none (frozen v1 only)","Legacy agent specialization remains available for v1 rollback; future capabilities enter through the closed ToolRegistry.","No legacy agent module is imported as an independent Core v2 authority.","C1,C2","exact HEAD bc379401fd4d88efc714fb878628cb29e49765d2 AST parse + source/import/inbound scan; representative source review","353","4","0"
"src/ai4s_agent/agents/report.py","agent/tool and legacy agent modules","SIMPLIFY","src/molly/core/inspection.py; src/molly/evidence/","Retain read-only report projection semantics over ledger and evidence records.","Reports are reproducible projections and cannot grant execution authority.","CORE-01,CORE-07","exact HEAD bc379401fd4d88efc714fb878628cb29e49765d2 AST parse + source/import/inbound scan; representative source review","344","3","0"
"src/ai4s_agent/agents/research.py","agent/tool and legacy agent modules","DEFER","optional future research interface","Research-session orchestration is not required for the Core v2 contract.","Core execution remains available without research-session state.","after CORE-07","exact HEAD bc379401fd4d88efc714fb878628cb29e49765d2 AST parse + source/import/inbound scan; representative source review","577","3","0"
"src/ai4s_agent/agents/screener.py","agent/tool and legacy agent modules","PLUGIN","plugins/br1_inverse_design/","Modeling, generation, and scientific tool integrations remain optional BR1 capabilities.","BR1 outputs carry current-run model/input/version/seed lineage and are absent from Core/minimal.","CORE-06","exact HEAD bc379401fd4d88efc714fb878628cb29e49765d2 AST parse + source/import/inbound scan; representative source review","10","0","0"
"src/ai4s_agent/agents/tool_registry.py","agent/tool and legacy agent modules","MIGRATE","src/molly/core/tools.py","Make the typed tool catalog the single closed Core v2 ToolRegistry.","Known tools are explicit, policy-checked, and not duplicated across registries.","CORE-02","exact HEAD bc379401fd4d88efc714fb878628cb29e49765d2 AST parse + source/import/inbound scan; representative source review","465","1","0"
"src/ai4s_agent/agents/trainer.py","agent/tool and legacy agent modules","PLUGIN","plugins/br1_inverse_design/","Modeling, generation, and scientific tool integrations remain optional BR1 capabilities.","BR1 outputs carry current-run model/input/version/seed lineage and are absent from Core/minimal.","CORE-06","exact HEAD bc379401fd4d88efc714fb878628cb29e49765d2 AST parse + source/import/inbound scan; representative source review","10","0","0"
"src/ai4s_agent/agents/verifier.py","agent/tool and legacy agent modules","ARCHIVE","none (frozen v1 only)","Legacy agent specialization remains available for v1 rollback; future capabilities enter through the closed ToolRegistry.","No legacy agent module is imported as an independent Core v2 authority.","C1,C2","exact HEAD bc379401fd4d88efc714fb878628cb29e49765d2 AST parse + source/import/inbound scan; representative source review","408","3","0"
"src/ai4s_agent/api.py","application and UI projection","DEFER","optional src/molly/api.py; src/molly/cli.py","Application, project, and UI surfaces are deferred until bounded contracts stabilize.","UI/API failure or absence cannot alter Core facts or approvals.","after CORE-07","exact HEAD bc379401fd4d88efc714fb878628cb29e49765d2 AST parse + source/import/inbound scan; representative source review","571","58","0"
"src/ai4s_agent/api_route_extensions.py","application and UI projection","DEFER","optional src/molly/api.py; src/molly/cli.py","Application, project, and UI surfaces are deferred until bounded contracts stabilize.","UI/API failure or absence cannot alter Core facts or approvals.","after CORE-07","exact HEAD bc379401fd4d88efc714fb878628cb29e49765d2 AST parse + source/import/inbound scan; representative source review","511","22","0"
"src/ai4s_agent/app.py","application and UI projection","DEFER","optional src/molly/api.py; src/molly/cli.py","Application, project, and UI surfaces are deferred until bounded contracts stabilize.","UI/API failure or absence cannot alter Core facts or approvals.","after CORE-07","exact HEAD bc379401fd4d88efc714fb878628cb29e49765d2 AST parse + source/import/inbound scan; representative source review","206","5","0"
"src/ai4s_agent/attempt_publication.py","v1 publication authority","ARCHIVE","none (frozen v1 only)","Archive multi-layer publication/adoption authority; only reviewed atomic/hash primitives may inform v2.","Core v2 publication is one content-addressed write plus one ledger event.","C1,C2","exact HEAD bc379401fd4d88efc714fb878628cb29e49765d2 AST parse + source/import/inbound scan; representative source review","1004","0","0"
"src/ai4s_agent/autonomy_authority.py","v1 authority and autonomy","ARCHIVE","none (frozen v1 only)","Freeze the v1 permission, authority-relation, autonomy-level, and lease stack outside Core v2.","Core v2 uses explicit RunRequest, closed ToolPolicy, and digest-bound approvals only.","C1,C2","exact HEAD bc379401fd4d88efc714fb878628cb29e49765d2 AST parse + source/import/inbound scan; representative source review","446","1","0"
"src/ai4s_agent/br1_acceptance_readiness.py","BR1 scientific integration","PLUGIN","plugins/br1_inverse_design/","BR1 preparation, model, generation, prediction, and evaluation remain optional plugin capabilities governed by the parity contract.","Fresh/current-run model and generation lineage is required; no historical artifact satisfies a fresh-real claim.","CORE-06","exact HEAD bc379401fd4d88efc714fb878628cb29e49765d2 AST parse + source/import/inbound scan; representative source review","846","4","0"
"src/ai4s_agent/br1_preflight_authority.py","BR1 scientific integration","PLUGIN","plugins/br1_inverse_design/","BR1 preparation, model, generation, prediction, and evaluation remain optional plugin capabilities governed by the parity contract.","Fresh/current-run model and generation lineage is required; no historical artifact satisfies a fresh-real claim.","CORE-06","exact HEAD bc379401fd4d88efc714fb878628cb29e49765d2 AST parse + source/import/inbound scan; representative source review","383","1","0"
"src/ai4s_agent/br1_preflight_materializer.py","BR1 scientific integration","PLUGIN","plugins/br1_inverse_design/","BR1 preparation, model, generation, prediction, and evaluation remain optional plugin capabilities governed by the parity contract.","Fresh/current-run model and generation lineage is required; no historical artifact satisfies a fresh-real claim.","CORE-06","exact HEAD bc379401fd4d88efc714fb878628cb29e49765d2 AST parse + source/import/inbound scan; representative source review","716","3","0"
"src/ai4s_agent/br1_unimol_applicability.py","BR1 scientific integration","PLUGIN","plugins/br1_inverse_design/","BR1 preparation, model, generation, prediction, and evaluation remain optional plugin capabilities governed by the parity contract.","Fresh/current-run model and generation lineage is required; no historical artifact satisfies a fresh-real claim.","CORE-06","exact HEAD bc379401fd4d88efc714fb878628cb29e49765d2 AST parse + source/import/inbound scan; representative source review","2542","8","0"
"src/ai4s_agent/chat_context.py","conversation and memory projection","DEFER","optional src/molly/api.py; src/molly/cli.py","Conversation and memory are optional projection layers, not Core execution authority.","Core runs, artifacts, and reviews remain usable without conversation persistence.","after CORE-07","exact HEAD bc379401fd4d88efc714fb878628cb29e49765d2 AST parse + source/import/inbound scan; representative source review","128","2","0"
"src/ai4s_agent/chat_runplan.py","conversation and memory projection","DEFER","optional src/molly/api.py; src/molly/cli.py","Conversation and memory are optional projection layers, not Core execution authority.","Core runs, artifacts, and reviews remain usable without conversation persistence.","after CORE-07","exact HEAD bc379401fd4d88efc714fb878628cb29e49765d2 AST parse + source/import/inbound scan; representative source review","351","6","0"
"src/ai4s_agent/compat_scripts/__init__.py","legacy package boundary","ARCHIVE","none (frozen v1 only)","Package initialization has no independent Core v2 contract or authority.","Core v2 does not depend on legacy package initialization side effects.","C1,C2","exact HEAD bc379401fd4d88efc714fb878628cb29e49765d2 AST parse + source/import/inbound scan; representative source review","1","0","0"
"src/ai4s_agent/compat_scripts/clean_dataset.py","legacy compatibility scripts","ARCHIVE","none (frozen v1 only)","Historical compatibility entry points remain available only through the frozen v1 line.","No compatibility script is imported by the Core v2 runtime.","C1,C2","exact HEAD bc379401fd4d88efc714fb878628cb29e49765d2 AST parse + source/import/inbound scan; representative source review","165","0","0"
"src/ai4s_agent/compat_scripts/nl_task_parser.py","legacy compatibility scripts","ARCHIVE","none (frozen v1 only)","Historical compatibility entry points remain available only through the frozen v1 line.","No compatibility script is imported by the Core v2 runtime.","C1,C2","exact HEAD bc379401fd4d88efc714fb878628cb29e49765d2 AST parse + source/import/inbound scan; representative source review","44","0","0"
"src/ai4s_agent/contextual_alias_resolution.py","legacy v1 package","ARCHIVE","none (frozen v1 only)","Retain this v1 implementation in the immutable rollback line; it is not a Core v2 authority.","Frozen v1 behavior remains recoverable and is not imported by the Core v2 runtime.","C1,C2","exact HEAD bc379401fd4d88efc714fb878628cb29e49765d2 AST parse + source/import/inbound scan; representative source review","825","1","0"
"src/ai4s_agent/control_plane_events.py","observability","PLUGIN","src/molly/observability/","Observer/exporter integrations remain optional and read-only over the factual ledger.","Exporter failure is non-fatal and observability payloads obey the privacy boundary.","CORE-07","exact HEAD bc379401fd4d88efc714fb878628cb29e49765d2 AST parse + source/import/inbound scan; representative source review","544","5","0"
"src/ai4s_agent/conversation_store.py","conversation and memory projection","DEFER","optional src/molly/api.py; src/molly/cli.py","Conversation and memory are optional projection layers, not Core execution authority.","Core runs, artifacts, and reviews remain usable without conversation persistence.","after CORE-07","exact HEAD bc379401fd4d88efc714fb878628cb29e49765d2 AST parse + source/import/inbound scan; representative source review","884","3","0"
"src/ai4s_agent/corpus_conflict_auditor.py","legacy v1 package","ARCHIVE","none (frozen v1 only)","Retain this v1 implementation in the immutable rollback line; it is not a Core v2 authority.","Frozen v1 behavior remains recoverable and is not imported by the Core v2 runtime.","C1,C2","exact HEAD bc379401fd4d88efc714fb878628cb29e49765d2 AST parse + source/import/inbound scan; representative source review","334","2","0"
"src/ai4s_agent/corpus_live_acceptance_fixtures.py","legacy v1 package","ARCHIVE","none (frozen v1 only)","Retain this v1 implementation in the immutable rollback line; it is not a Core v2 authority.","Frozen v1 behavior remains recoverable and is not imported by the Core v2 runtime.","C1,C2","exact HEAD bc379401fd4d88efc714fb878628cb29e49765d2 AST parse + source/import/inbound scan; representative source review","127","1","0"
"src/ai4s_agent/corpus_report_generator.py","legacy v1 package","ARCHIVE","none (frozen v1 only)","Retain this v1 implementation in the immutable rollback line; it is not a Core v2 authority.","Frozen v1 behavior remains recoverable and is not imported by the Core v2 runtime.","C1,C2","exact HEAD bc379401fd4d88efc714fb878628cb29e49765d2 AST parse + source/import/inbound scan; representative source review","170","1","0"
"src/ai4s_agent/corpus_reproducibility_auditor.py","legacy v1 package","ARCHIVE","none (frozen v1 only)","Retain this v1 implementation in the immutable rollback line; it is not a Core v2 authority.","Frozen v1 behavior remains recoverable and is not imported by the Core v2 runtime.","C1,C2","exact HEAD bc379401fd4d88efc714fb878628cb29e49765d2 AST parse + source/import/inbound scan; representative source review","129","1","0"
"src/ai4s_agent/custom_corpus_admission.py","custom corpus governance","ARCHIVE","none (frozen v1 only)","Archive the v1 admission, quarantine, materialization, and training-governance chain; reuse only generic provenance concepts later.","No custom-corpus admission state machine or authority chain enters Core v2.","C1,C2","exact HEAD bc379401fd4d88efc714fb878628cb29e49765d2 AST parse + source/import/inbound scan; representative source review","400","1","0"
"src/ai4s_agent/custom_corpus_admission_package.py","custom corpus governance","ARCHIVE","none (frozen v1 only)","Archive the v1 admission, quarantine, materialization, and training-governance chain; reuse only generic provenance concepts later.","No custom-corpus admission state machine or authority chain enters Core v2.","C1,C2","exact HEAD bc379401fd4d88efc714fb878628cb29e49765d2 AST parse + source/import/inbound scan; representative source review","456","6","0"
"src/ai4s_agent/custom_corpus_dry_run.py","custom corpus governance","ARCHIVE","none (frozen v1 only)","Archive the v1 admission, quarantine, materialization, and training-governance chain; reuse only generic provenance concepts later.","No custom-corpus admission state machine or authority chain enters Core v2.","C1,C2","exact HEAD bc379401fd4d88efc714fb878628cb29e49765d2 AST parse + source/import/inbound scan; representative source review","872","9","0"
"src/ai4s_agent/custom_corpus_manifest.py","custom corpus governance","ARCHIVE","none (frozen v1 only)","Archive the v1 admission, quarantine, materialization, and training-governance chain; reuse only generic provenance concepts later.","No custom-corpus admission state machine or authority chain enters Core v2.","C1,C2","exact HEAD bc379401fd4d88efc714fb878628cb29e49765d2 AST parse + source/import/inbound scan; representative source review","290","0","0"
"src/ai4s_agent/custom_corpus_materialization.py","custom corpus governance","ARCHIVE","none (frozen v1 only)","Archive the v1 admission, quarantine, materialization, and training-governance chain; reuse only generic provenance concepts later.","No custom-corpus admission state machine or authority chain enters Core v2.","C1,C2","exact HEAD bc379401fd4d88efc714fb878628cb29e49765d2 AST parse + source/import/inbound scan; representative source review","595","1","0"
"src/ai4s_agent/custom_corpus_materialization_planner.py","custom corpus governance","ARCHIVE","none (frozen v1 only)","Archive the v1 admission, quarantine, materialization, and training-governance chain; reuse only generic provenance concepts later.","No custom-corpus admission state machine or authority chain enters Core v2.","C1,C2","exact HEAD bc379401fd4d88efc714fb878628cb29e49765d2 AST parse + source/import/inbound scan; representative source review","209","2","0"
"src/ai4s_agent/custom_corpus_property_admission_draft_builder.py","custom corpus governance","ARCHIVE","none (frozen v1 only)","Archive the v1 admission, quarantine, materialization, and training-governance chain; reuse only generic provenance concepts later.","No custom-corpus admission state machine or authority chain enters Core v2.","C1,C2","exact HEAD bc379401fd4d88efc714fb878628cb29e49765d2 AST parse + source/import/inbound scan; representative source review","581","3","0"
"src/ai4s_agent/custom_corpus_property_admission_draft_package_precheck.py","custom corpus governance","ARCHIVE","none (frozen v1 only)","Archive the v1 admission, quarantine, materialization, and training-governance chain; reuse only generic provenance concepts later.","No custom-corpus admission state machine or authority chain enters Core v2.","C1,C2","exact HEAD bc379401fd4d88efc714fb878628cb29e49765d2 AST parse + source/import/inbound scan; representative source review","782","5","0"
"src/ai4s_agent/custom_corpus_property_admission_readiness.py","custom corpus governance","ARCHIVE","none (frozen v1 only)","Archive the v1 admission, quarantine, materialization, and training-governance chain; reuse only generic provenance concepts later.","No custom-corpus admission state machine or authority chain enters Core v2.","C1,C2","exact HEAD bc379401fd4d88efc714fb878628cb29e49765d2 AST parse + source/import/inbound scan; representative source review","366","2","0"
"src/ai4s_agent/custom_corpus_property_admission_request_planner.py","custom corpus governance","ARCHIVE","none (frozen v1 only)","Archive the v1 admission, quarantine, materialization, and training-governance chain; reuse only generic provenance concepts later.","No custom-corpus admission state machine or authority chain enters Core v2.","C1,C2","exact HEAD bc379401fd4d88efc714fb878628cb29e49765d2 AST parse + source/import/inbound scan; representative source review","484","2","0"
"src/ai4s_agent/custom_corpus_property_candidate.py","custom corpus governance","ARCHIVE","none (frozen v1 only)","Archive the v1 admission, quarantine, materialization, and training-governance chain; reuse only generic provenance concepts later.","No custom-corpus admission state machine or authority chain enters Core v2.","C1,C2","exact HEAD bc379401fd4d88efc714fb878628cb29e49765d2 AST parse + source/import/inbound scan; representative source review","564","1","0"
"src/ai4s_agent/custom_corpus_property_candidate_planner.py","custom corpus governance","ARCHIVE","none (frozen v1 only)","Archive the v1 admission, quarantine, materialization, and training-governance chain; reuse only generic provenance concepts later.","No custom-corpus admission state machine or authority chain enters Core v2.","C1,C2","exact HEAD bc379401fd4d88efc714fb878628cb29e49765d2 AST parse + source/import/inbound scan; representative source review","225","2","0"
"src/ai4s_agent/custom_corpus_property_candidate_review_queue.py","custom corpus governance","ARCHIVE","none (frozen v1 only)","Archive the v1 admission, quarantine, materialization, and training-governance chain; reuse only generic provenance concepts later.","No custom-corpus admission state machine or authority chain enters Core v2.","C1,C2","exact HEAD bc379401fd4d88efc714fb878628cb29e49765d2 AST parse + source/import/inbound scan; representative source review","402","3","0"
"src/ai4s_agent/custom_corpus_property_materialization_dry_run.py","custom corpus governance","ARCHIVE","none (frozen v1 only)","Archive the v1 admission, quarantine, materialization, and training-governance chain; reuse only generic provenance concepts later.","No custom-corpus admission state machine or authority chain enters Core v2.","C1,C2","exact HEAD bc379401fd4d88efc714fb878628cb29e49765d2 AST parse + source/import/inbound scan; representative source review","702","6","0"
"src/ai4s_agent/custom_corpus_property_materialization_plan_draft.py","custom corpus governance","ARCHIVE","none (frozen v1 only)","Archive the v1 admission, quarantine, materialization, and training-governance chain; reuse only generic provenance concepts later.","No custom-corpus admission state machine or authority chain enters Core v2.","C1,C2","exact HEAD bc379401fd4d88efc714fb878628cb29e49765d2 AST parse + source/import/inbound scan; representative source review","701","6","0"
"src/ai4s_agent/custom_corpus_property_materialization_plan_preflight.py","custom corpus governance","ARCHIVE","none (frozen v1 only)","Archive the v1 admission, quarantine, materialization, and training-governance chain; reuse only generic provenance concepts later.","No custom-corpus admission state machine or authority chain enters Core v2.","C1,C2","exact HEAD bc379401fd4d88efc714fb878628cb29e49765d2 AST parse + source/import/inbound scan; representative source review","638","6","0"
"src/ai4s_agent/custom_corpus_property_materialization_planner_runner.py","custom corpus governance","ARCHIVE","none (frozen v1 only)","Archive the v1 admission, quarantine, materialization, and training-governance chain; reuse only generic provenance concepts later.","No custom-corpus admission state machine or authority chain enters Core v2.","C1,C2","exact HEAD bc379401fd4d88efc714fb878628cb29e49765d2 AST parse + source/import/inbound scan; representative source review","711","7","0"
"src/ai4s_agent/custom_corpus_property_materializer_execution_preflight.py","custom corpus governance","ARCHIVE","none (frozen v1 only)","Archive the v1 admission, quarantine, materialization, and training-governance chain; reuse only generic provenance concepts later.","No custom-corpus admission state machine or authority chain enters Core v2.","C1,C2","exact HEAD bc379401fd4d88efc714fb878628cb29e49765d2 AST parse + source/import/inbound scan; representative source review","798","6","0"
"src/ai4s_agent/custom_corpus_property_materializer_execution_request.py","custom corpus governance","ARCHIVE","none (frozen v1 only)","Archive the v1 admission, quarantine, materialization, and training-governance chain; reuse only generic provenance concepts later.","No custom-corpus admission state machine or authority chain enters Core v2.","C1,C2","exact HEAD bc379401fd4d88efc714fb878628cb29e49765d2 AST parse + source/import/inbound scan; representative source review","838","7","0"
"src/ai4s_agent/custom_corpus_property_package_binding.py","custom corpus governance","ARCHIVE","none (frozen v1 only)","Archive the v1 admission, quarantine, materialization, and training-governance chain; reuse only generic provenance concepts later.","No custom-corpus admission state machine or authority chain enters Core v2.","C1,C2","exact HEAD bc379401fd4d88efc714fb878628cb29e49765d2 AST parse + source/import/inbound scan; representative source review","536","6","0"
"src/ai4s_agent/custom_corpus_property_quarantine_candidate_preflight.py","custom corpus governance","ARCHIVE","none (frozen v1 only)","Archive the v1 admission, quarantine, materialization, and training-governance chain; reuse only generic provenance concepts later.","No custom-corpus admission state machine or authority chain enters Core v2.","C1,C2","exact HEAD bc379401fd4d88efc714fb878628cb29e49765d2 AST parse + source/import/inbound scan; representative source review","974","6","0"
"src/ai4s_agent/custom_corpus_property_quarantine_materializer.py","custom corpus governance","ARCHIVE","none (frozen v1 only)","Archive the v1 admission, quarantine, materialization, and training-governance chain; reuse only generic provenance concepts later.","No custom-corpus admission state machine or authority chain enters Core v2.","C1,C2","exact HEAD bc379401fd4d88efc714fb878628cb29e49765d2 AST parse + source/import/inbound scan; representative source review","922","6","0"
"src/ai4s_agent/custom_corpus_property_review_binding.py","custom corpus governance","ARCHIVE","none (frozen v1 only)","Archive the v1 admission, quarantine, materialization, and training-governance chain; reuse only generic provenance concepts later.","No custom-corpus admission state machine or authority chain enters Core v2.","C1,C2","exact HEAD bc379401fd4d88efc714fb878628cb29e49765d2 AST parse + source/import/inbound scan; representative source review","346","2","0"
"src/ai4s_agent/custom_corpus_property_training_admission_execution_dry_run.py","custom corpus governance","ARCHIVE","none (frozen v1 only)","Archive the v1 admission, quarantine, materialization, and training-governance chain; reuse only generic provenance concepts later.","No custom-corpus admission state machine or authority chain enters Core v2.","C1,C2","exact HEAD bc379401fd4d88efc714fb878628cb29e49765d2 AST parse + source/import/inbound scan; representative source review","1134","2","0"
"src/ai4s_agent/custom_corpus_property_training_admission_execution_dry_run_precheck.py","custom corpus governance","ARCHIVE","none (frozen v1 only)","Archive the v1 admission, quarantine, materialization, and training-governance chain; reuse only generic provenance concepts later.","No custom-corpus admission state machine or authority chain enters Core v2.","C1,C2","exact HEAD bc379401fd4d88efc714fb878628cb29e49765d2 AST parse + source/import/inbound scan; representative source review","1171","2","0"
"src/ai4s_agent/custom_corpus_property_training_admission_execution_ledger.py","custom corpus governance","ARCHIVE","none (frozen v1 only)","Archive the v1 admission, quarantine, materialization, and training-governance chain; reuse only generic provenance concepts later.","No custom-corpus admission state machine or authority chain enters Core v2.","C1,C2","exact HEAD bc379401fd4d88efc714fb878628cb29e49765d2 AST parse + source/import/inbound scan; representative source review","1363","2","0"
"src/ai4s_agent/custom_corpus_property_training_admission_execution_ledger_precheck.py","custom corpus governance","ARCHIVE","none (frozen v1 only)","Archive the v1 admission, quarantine, materialization, and training-governance chain; reuse only generic provenance concepts later.","No custom-corpus admission state machine or authority chain enters Core v2.","C1,C2","exact HEAD bc379401fd4d88efc714fb878628cb29e49765d2 AST parse + source/import/inbound scan; representative source review","1067","2","0"
"src/ai4s_agent/custom_corpus_property_training_admission_execution_request.py","custom corpus governance","ARCHIVE","none (frozen v1 only)","Archive the v1 admission, quarantine, materialization, and training-governance chain; reuse only generic provenance concepts later.","No custom-corpus admission state machine or authority chain enters Core v2.","C1,C2","exact HEAD bc379401fd4d88efc714fb878628cb29e49765d2 AST parse + source/import/inbound scan; representative source review","906","2","0"
"src/ai4s_agent/custom_corpus_property_training_admission_execution_request_preflight.py","custom corpus governance","ARCHIVE","none (frozen v1 only)","Archive the v1 admission, quarantine, materialization, and training-governance chain; reuse only generic provenance concepts later.","No custom-corpus admission state machine or authority chain enters Core v2.","C1,C2","exact HEAD bc379401fd4d88efc714fb878628cb29e49765d2 AST parse + source/import/inbound scan; representative source review","1125","2","0"
"src/ai4s_agent/custom_corpus_property_training_admission_readiness.py","custom corpus governance","ARCHIVE","none (frozen v1 only)","Archive the v1 admission, quarantine, materialization, and training-governance chain; reuse only generic provenance concepts later.","No custom-corpus admission state machine or authority chain enters Core v2.","C1,C2","exact HEAD bc379401fd4d88efc714fb878628cb29e49765d2 AST parse + source/import/inbound scan; representative source review","1031","6","0"
"src/ai4s_agent/custom_corpus_property_training_admission_request_draft.py","custom corpus governance","ARCHIVE","none (frozen v1 only)","Archive the v1 admission, quarantine, materialization, and training-governance chain; reuse only generic provenance concepts later.","No custom-corpus admission state machine or authority chain enters Core v2.","C1,C2","exact HEAD bc379401fd4d88efc714fb878628cb29e49765d2 AST parse + source/import/inbound scan; representative source review","756","2","0"
"src/ai4s_agent/custom_corpus_property_training_admission_request_draft_precheck.py","custom corpus governance","ARCHIVE","none (frozen v1 only)","Archive the v1 admission, quarantine, materialization, and training-governance chain; reuse only generic provenance concepts later.","No custom-corpus admission state machine or authority chain enters Core v2.","C1,C2","exact HEAD bc379401fd4d88efc714fb878628cb29e49765d2 AST parse + source/import/inbound scan; representative source review","722","2","0"
"src/ai4s_agent/custom_corpus_property_training_admission_request_planner.py","custom corpus governance","ARCHIVE","none (frozen v1 only)","Archive the v1 admission, quarantine, materialization, and training-governance chain; reuse only generic provenance concepts later.","No custom-corpus admission state machine or authority chain enters Core v2.","C1,C2","exact HEAD bc379401fd4d88efc714fb878628cb29e49765d2 AST parse + source/import/inbound scan; representative source review","1078","6","0"
"src/ai4s_agent/custom_corpus_property_training_admission_request_preflight.py","custom corpus governance","ARCHIVE","none (frozen v1 only)","Archive the v1 admission, quarantine, materialization, and training-governance chain; reuse only generic provenance concepts later.","No custom-corpus admission state machine or authority chain enters Core v2.","C1,C2","exact HEAD bc379401fd4d88efc714fb878628cb29e49765d2 AST parse + source/import/inbound scan; representative source review","521","2","0"
"src/ai4s_agent/custom_corpus_property_training_dataset_controlled_writer_design_plan_preflight.py","custom corpus governance","ARCHIVE","none (frozen v1 only)","Archive the v1 admission, quarantine, materialization, and training-governance chain; reuse only generic provenance concepts later.","No custom-corpus admission state machine or authority chain enters Core v2.","C1,C2","exact HEAD bc379401fd4d88efc714fb878628cb29e49765d2 AST parse + source/import/inbound scan; representative source review","581","1","0"
"src/ai4s_agent/custom_corpus_property_training_dataset_controlled_writer_dry_run.py","custom corpus governance","ARCHIVE","none (frozen v1 only)","Archive the v1 admission, quarantine, materialization, and training-governance chain; reuse only generic provenance concepts later.","No custom-corpus admission state machine or authority chain enters Core v2.","C1,C2","exact HEAD bc379401fd4d88efc714fb878628cb29e49765d2 AST parse + source/import/inbound scan; representative source review","644","1","0"
"src/ai4s_agent/custom_corpus_property_training_dataset_controlled_writer_dry_run_precheck.py","custom corpus governance","ARCHIVE","none (frozen v1 only)","Archive the v1 admission, quarantine, materialization, and training-governance chain; reuse only generic provenance concepts later.","No custom-corpus admission state machine or authority chain enters Core v2.","C1,C2","exact HEAD bc379401fd4d88efc714fb878628cb29e49765d2 AST parse + source/import/inbound scan; representative source review","598","1","0"
"src/ai4s_agent/custom_corpus_property_training_dataset_controlled_writer_execution_plan.py","custom corpus governance","ARCHIVE","none (frozen v1 only)","Archive the v1 admission, quarantine, materialization, and training-governance chain; reuse only generic provenance concepts later.","No custom-corpus admission state machine or authority chain enters Core v2.","C1,C2","exact HEAD bc379401fd4d88efc714fb878628cb29e49765d2 AST parse + source/import/inbound scan; representative source review","1155","2","0"
"src/ai4s_agent/custom_corpus_property_training_dataset_controlled_writer_execution_plan_preflight.py","custom corpus governance","ARCHIVE","none (frozen v1 only)","Archive the v1 admission, quarantine, materialization, and training-governance chain; reuse only generic provenance concepts later.","No custom-corpus admission state machine or authority chain enters Core v2.","C1,C2","exact HEAD bc379401fd4d88efc714fb878628cb29e49765d2 AST parse + source/import/inbound scan; representative source review","1093","2","0"
"src/ai4s_agent/custom_corpus_property_training_dataset_controlled_writer_execution_request.py","custom corpus governance","ARCHIVE","none (frozen v1 only)","Archive the v1 admission, quarantine, materialization, and training-governance chain; reuse only generic provenance concepts later.","No custom-corpus admission state machine or authority chain enters Core v2.","C1,C2","exact HEAD bc379401fd4d88efc714fb878628cb29e49765d2 AST parse + source/import/inbound scan; representative source review","690","0","0"
"src/ai4s_agent/custom_corpus_property_training_dataset_controlled_writer_execution_request_preflight.py","custom corpus governance","ARCHIVE","none (frozen v1 only)","Archive the v1 admission, quarantine, materialization, and training-governance chain; reuse only generic provenance concepts later.","No custom-corpus admission state machine or authority chain enters Core v2.","C1,C2","exact HEAD bc379401fd4d88efc714fb878628cb29e49765d2 AST parse + source/import/inbound scan; representative source review","692","1","0"
"src/ai4s_agent/custom_corpus_property_training_dataset_controlled_writer_value_resolution_dry_run.py","custom corpus governance","ARCHIVE","none (frozen v1 only)","Archive the v1 admission, quarantine, materialization, and training-governance chain; reuse only generic provenance concepts later.","No custom-corpus admission state machine or authority chain enters Core v2.","C1,C2","exact HEAD bc379401fd4d88efc714fb878628cb29e49765d2 AST parse + source/import/inbound scan; representative source review","1167","2","0"
"src/ai4s_agent/custom_corpus_property_training_dataset_controlled_writer_value_resolution_dry_run_precheck.py","custom corpus governance","ARCHIVE","none (frozen v1 only)","Archive the v1 admission, quarantine, materialization, and training-governance chain; reuse only generic provenance concepts later.","No custom-corpus admission state machine or authority chain enters Core v2.","C1,C2","exact HEAD bc379401fd4d88efc714fb878628cb29e49765d2 AST parse + source/import/inbound scan; representative source review","607","2","0"
"src/ai4s_agent/custom_corpus_property_training_dataset_materialization_dry_run.py","custom corpus governance","ARCHIVE","none (frozen v1 only)","Archive the v1 admission, quarantine, materialization, and training-governance chain; reuse only generic provenance concepts later.","No custom-corpus admission state machine or authority chain enters Core v2.","C1,C2","exact HEAD bc379401fd4d88efc714fb878628cb29e49765d2 AST parse + source/import/inbound scan; representative source review","1130","2","0"
"src/ai4s_agent/custom_corpus_property_training_dataset_materialization_dry_run_precheck.py","custom corpus governance","ARCHIVE","none (frozen v1 only)","Archive the v1 admission, quarantine, materialization, and training-governance chain; reuse only generic provenance concepts later.","No custom-corpus admission state machine or authority chain enters Core v2.","C1,C2","exact HEAD bc379401fd4d88efc714fb878628cb29e49765d2 AST parse + source/import/inbound scan; representative source review","1059","2","0"
"src/ai4s_agent/custom_corpus_property_training_dataset_materialization_plan_precheck.py","custom corpus governance","ARCHIVE","none (frozen v1 only)","Archive the v1 admission, quarantine, materialization, and training-governance chain; reuse only generic provenance concepts later.","No custom-corpus admission state machine or authority chain enters Core v2.","C1,C2","exact HEAD bc379401fd4d88efc714fb878628cb29e49765d2 AST parse + source/import/inbound scan; representative source review","1228","2","0"
"src/ai4s_agent/custom_corpus_property_training_dataset_materialization_planner.py","custom corpus governance","ARCHIVE","none (frozen v1 only)","Archive the v1 admission, quarantine, materialization, and training-governance chain; reuse only generic provenance concepts later.","No custom-corpus admission state machine or authority chain enters Core v2.","C1,C2","exact HEAD bc379401fd4d88efc714fb878628cb29e49765d2 AST parse + source/import/inbound scan; representative source review","1371","2","0"
"src/ai4s_agent/custom_corpus_property_training_dataset_row_contract.py","custom corpus governance","ARCHIVE","none (frozen v1 only)","Archive the v1 admission, quarantine, materialization, and training-governance chain; reuse only generic provenance concepts later.","No custom-corpus admission state machine or authority chain enters Core v2.","C1,C2","exact HEAD bc379401fd4d88efc714fb878628cb29e49765d2 AST parse + source/import/inbound scan; representative source review","1535","2","0"
"src/ai4s_agent/custom_corpus_property_training_dataset_row_contract_precheck.py","custom corpus governance","ARCHIVE","none (frozen v1 only)","Archive the v1 admission, quarantine, materialization, and training-governance chain; reuse only generic provenance concepts later.","No custom-corpus admission state machine or authority chain enters Core v2.","C1,C2","exact HEAD bc379401fd4d88efc714fb878628cb29e49765d2 AST parse + source/import/inbound scan; representative source review","987","2","0"
"src/ai4s_agent/custom_corpus_property_training_dataset_writer_execution_request.py","custom corpus governance","ARCHIVE","none (frozen v1 only)","Archive the v1 admission, quarantine, materialization, and training-governance chain; reuse only generic provenance concepts later.","No custom-corpus admission state machine or authority chain enters Core v2.","C1,C2","exact HEAD bc379401fd4d88efc714fb878628cb29e49765d2 AST parse + source/import/inbound scan; representative source review","1234","2","0"
"src/ai4s_agent/custom_corpus_property_training_dataset_writer_execution_request_preflight.py","custom corpus governance","ARCHIVE","none (frozen v1 only)","Archive the v1 admission, quarantine, materialization, and training-governance chain; reuse only generic provenance concepts later.","No custom-corpus admission state machine or authority chain enters Core v2.","C1,C2","exact HEAD bc379401fd4d88efc714fb878628cb29e49765d2 AST parse + source/import/inbound scan; representative source review","1063","2","0"
"src/ai4s_agent/custom_corpus_property_training_dataset_writer_input_binding_plan_preflight.py","custom corpus governance","ARCHIVE","none (frozen v1 only)","Archive the v1 admission, quarantine, materialization, and training-governance chain; reuse only generic provenance concepts later.","No custom-corpus admission state machine or authority chain enters Core v2.","C1,C2","exact HEAD bc379401fd4d88efc714fb878628cb29e49765d2 AST parse + source/import/inbound scan; representative source review","1209","2","0"
"src/ai4s_agent/custom_corpus_property_training_dataset_writer_input_binding_planner.py","custom corpus governance","ARCHIVE","none (frozen v1 only)","Archive the v1 admission, quarantine, materialization, and training-governance chain; reuse only generic provenance concepts later.","No custom-corpus admission state machine or authority chain enters Core v2.","C1,C2","exact HEAD bc379401fd4d88efc714fb878628cb29e49765d2 AST parse + source/import/inbound scan; representative source review","1466","2","0"
"src/ai4s_agent/custom_corpus_property_training_dataset_writer_value_source_manifest_planner.py","custom corpus governance","ARCHIVE","none (frozen v1 only)","Archive the v1 admission, quarantine, materialization, and training-governance chain; reuse only generic provenance concepts later.","No custom-corpus admission state machine or authority chain enters Core v2.","C1,C2","exact HEAD bc379401fd4d88efc714fb878628cb29e49765d2 AST parse + source/import/inbound scan; representative source review","1411","2","0"
"src/ai4s_agent/custom_corpus_property_training_dataset_writer_value_source_manifest_preflight.py","custom corpus governance","ARCHIVE","none (frozen v1 only)","Archive the v1 admission, quarantine, materialization, and training-governance chain; reuse only generic provenance concepts later.","No custom-corpus admission state machine or authority chain enters Core v2.","C1,C2","exact HEAD bc379401fd4d88efc714fb878628cb29e49765d2 AST parse + source/import/inbound scan; representative source review","1120","2","0"
"src/ai4s_agent/custom_corpus_real_literature_read_only_acceptance.py","custom corpus governance","ARCHIVE","none (frozen v1 only)","Archive the v1 admission, quarantine, materialization, and training-governance chain; reuse only generic provenance concepts later.","No custom-corpus admission state machine or authority chain enters Core v2.","C1,C2","exact HEAD bc379401fd4d88efc714fb878628cb29e49765d2 AST parse + source/import/inbound scan; representative source review","548","0","0"
"src/ai4s_agent/custom_corpus_review.py","custom corpus governance","ARCHIVE","none (frozen v1 only)","Archive the v1 admission, quarantine, materialization, and training-governance chain; reuse only generic provenance concepts later.","No custom-corpus admission state machine or authority chain enters Core v2.","C1,C2","exact HEAD bc379401fd4d88efc714fb878628cb29e49765d2 AST parse + source/import/inbound scan; representative source review","354","1","0"
"src/ai4s_agent/data_layer.py","dataset, identity, and leakage validation","MIGRATE","src/molly/domains/oled/validators.py; src/molly/evidence/validation.py","Retain molecule identity, units, duplicate/conflict, trainability, and leakage checks as bounded validators.","Dataset and evidence validation is deterministic, provenance-bound, and explicit about claim level.","CORE-05","exact HEAD bc379401fd4d88efc714fb878628cb29e49765d2 AST parse + source/import/inbound scan; representative source review","651","2","0"
"src/ai4s_agent/dataset_workflow.py","dataset, identity, and leakage validation","MIGRATE","src/molly/domains/oled/validators.py; src/molly/evidence/validation.py","Retain molecule identity, units, duplicate/conflict, trainability, and leakage checks as bounded validators.","Dataset and evidence validation is deterministic, provenance-bound, and explicit about claim level.","CORE-05","exact HEAD bc379401fd4d88efc714fb878628cb29e49765d2 AST parse + source/import/inbound scan; representative source review","782","4","0"
"src/ai4s_agent/deployment.py","application and UI projection","DEFER","optional src/molly/api.py; src/molly/cli.py","Application, project, and UI surfaces are deferred until bounded contracts stabilize.","UI/API failure or absence cannot alter Core facts or approvals.","after CORE-07","exact HEAD bc379401fd4d88efc714fb878628cb29e49765d2 AST parse + source/import/inbound scan; representative source review","175","3","0"
"src/ai4s_agent/document_parse_benchmark.py","document parsing","REFERENCE_ONLY","docs/v2/fixtures/ and acceptance evidence","Benchmark and live-acceptance harnesses record prior behavior and are not production v2 fetchers.","Live claims require exact external-run evidence; offline fixtures remain deterministic.","C6","exact HEAD bc379401fd4d88efc714fb878628cb29e49765d2 AST parse + source/import/inbound scan; representative source review","90","1","0"
"src/ai4s_agent/document_parse_cli.py","document parsing","DEFER","optional src/molly/cli.py","CLI projection follows the document contract and is not a readiness prerequisite.","Parser acceptance does not require a CLI or UI.","after CORE-07","exact HEAD bc379401fd4d88efc714fb878628cb29e49765d2 AST parse + source/import/inbound scan; representative source review","139","5","0"
"src/ai4s_agent/document_parse_corpus_live_acceptance.py","document parsing","REFERENCE_ONLY","docs/v2/fixtures/ and acceptance evidence","Benchmark and live-acceptance harnesses record prior behavior and are not production v2 fetchers.","Live claims require exact external-run evidence; offline fixtures remain deterministic.","C6","exact HEAD bc379401fd4d88efc714fb878628cb29e49765d2 AST parse + source/import/inbound scan; representative source review","908","8","0"
"src/ai4s_agent/document_parse_live_acceptance.py","document parsing","REFERENCE_ONLY","docs/v2/fixtures/ and acceptance evidence","Benchmark and live-acceptance harnesses record prior behavior and are not production v2 fetchers.","Live claims require exact external-run evidence; offline fixtures remain deterministic.","C6","exact HEAD bc379401fd4d88efc714fb878628cb29e49765d2 AST parse + source/import/inbound scan; representative source review","1086","10","0"
"src/ai4s_agent/document_parse_mineru.py","document parsing","PLUGIN","src/molly/documents/parsers/mineru.py","MinerU remains optional and excluded from Core/minimal.","MinerU is isolated behind a parser contract and cannot become a mandatory dependency.","CORE-04","exact HEAD bc379401fd4d88efc714fb878628cb29e49765d2 AST parse + source/import/inbound scan; representative source review","223","6","0"
"src/ai4s_agent/document_parse_pdfplumber.py","document parsing","PLUGIN","src/molly/documents/parsers/pdf_text.py","PDF text-layer parsing is optional and isolated behind the CanonicalDocument contract.","Parser selection is capability-based and output includes quality/provenance metadata.","CORE-04","exact HEAD bc379401fd4d88efc714fb878628cb29e49765d2 AST parse + source/import/inbound scan; representative source review","114","4","0"
"src/ai4s_agent/document_parse_provider.py","document parsing","MIGRATE","src/molly/documents/canonical.py; src/molly/documents/router.py","Retain provider selection and normalization as bounded parser-router contracts.","XML/HTML core paths work without optional parser packages and preserve source locators.","CORE-04","exact HEAD bc379401fd4d88efc714fb878628cb29e49765d2 AST parse + source/import/inbound scan; representative source review","252","1","0"
"src/ai4s_agent/document_parse_service.py","document parsing","MIGRATE","src/molly/documents/canonical.py; src/molly/documents/router.py","Retain provider selection and normalization as bounded parser-router contracts.","XML/HTML core paths work without optional parser packages and preserve source locators.","CORE-04","exact HEAD bc379401fd4d88efc714fb878628cb29e49765d2 AST parse + source/import/inbound scan; representative source review","68","3","0"
"src/ai4s_agent/domains/__init__.py","legacy package boundary","ARCHIVE","none (frozen v1 only)","Package initialization has no independent Core v2 contract or authority.","Core v2 does not depend on legacy package initialization side effects.","C1,C2","exact HEAD bc379401fd4d88efc714fb878628cb29e49765d2 AST parse + source/import/inbound scan; representative source review","1483","59","0"
"src/ai4s_agent/domains/model_registry.py","OLED reviewed-governance module","SIMPLIFY","src/molly/domains/oled/; src/molly/evidence/reviews.py","Retain reviewed OLED identity, units, conflict, leakage, and publication semantics after removing layered v1 governance authority.","OLED records preserve identity, units, conditions, review status, duplicate/conflict handling, and source lineage.","CORE-05","exact HEAD bc379401fd4d88efc714fb878628cb29e49765d2 AST parse + source/import/inbound scan; representative source review","99","1","0"
"src/ai4s_agent/domains/oled.py","OLED ontology and evidence","MIGRATE","src/molly/domains/oled/; src/molly/evidence/","Retain pure OLED ontology, condition, unit, identity, and evidence semantics under bounded contracts.","A domain fact carries source locator, condition/unit semantics, claim level, and immutable input lineage.","CORE-05","exact HEAD bc379401fd4d88efc714fb878628cb29e49765d2 AST parse + source/import/inbound scan; representative source review","85","2","0"
"src/ai4s_agent/domains/oled_baseline_backend.py","OLED reviewed-governance module","SIMPLIFY","src/molly/domains/oled/; src/molly/evidence/reviews.py","Retain reviewed OLED identity, units, conflict, leakage, and publication semantics after removing layered v1 governance authority.","OLED records preserve identity, units, conditions, review status, duplicate/conflict handling, and source lineage.","CORE-05","exact HEAD bc379401fd4d88efc714fb878628cb29e49765d2 AST parse + source/import/inbound scan; representative source review","396","4","0"
"src/ai4s_agent/domains/oled_baseline_loop.py","OLED reviewed-governance module","SIMPLIFY","src/molly/domains/oled/; src/molly/evidence/reviews.py","Retain reviewed OLED identity, units, conflict, leakage, and publication semantics after removing layered v1 governance authority.","OLED records preserve identity, units, conditions, review status, duplicate/conflict handling, and source lineage.","CORE-05","exact HEAD bc379401fd4d88efc714fb878628cb29e49765d2 AST parse + source/import/inbound scan; representative source review","191","1","0"
"src/ai4s_agent/domains/oled_br2_candidate_raw_dataset.py","OLED reviewed-governance module","SIMPLIFY","src/molly/domains/oled/; src/molly/evidence/reviews.py","Retain reviewed OLED identity, units, conflict, leakage, and publication semantics after removing layered v1 governance authority.","OLED records preserve identity, units, conditions, review status, duplicate/conflict handling, and source lineage.","CORE-05","exact HEAD bc379401fd4d88efc714fb878628cb29e49765d2 AST parse + source/import/inbound scan; representative source review","646","6","0"
"src/ai4s_agent/domains/oled_categorical_dataset_execution.py","OLED reviewed-governance module","SIMPLIFY","src/molly/domains/oled/; src/molly/evidence/reviews.py","Retain reviewed OLED identity, units, conflict, leakage, and publication semantics after removing layered v1 governance authority.","OLED records preserve identity, units, conditions, review status, duplicate/conflict handling, and source lineage.","CORE-05","exact HEAD bc379401fd4d88efc714fb878628cb29e49765d2 AST parse + source/import/inbound scan; representative source review","775","7","0"
"src/ai4s_agent/domains/oled_categorical_gold_dataset_admission.py","OLED reviewed-governance module","SIMPLIFY","src/molly/domains/oled/; src/molly/evidence/reviews.py","Retain reviewed OLED identity, units, conflict, leakage, and publication semantics after removing layered v1 governance authority.","OLED records preserve identity, units, conditions, review status, duplicate/conflict handling, and source lineage.","CORE-05","exact HEAD bc379401fd4d88efc714fb878628cb29e49765d2 AST parse + source/import/inbound scan; representative source review","582","5","0"
"src/ai4s_agent/domains/oled_condition_dedup.py","OLED ontology and evidence","MIGRATE","src/molly/domains/oled/; src/molly/evidence/","Retain pure OLED ontology, condition, unit, identity, and evidence semantics under bounded contracts.","A domain fact carries source locator, condition/unit semantics, claim level, and immutable input lineage.","CORE-05","exact HEAD bc379401fd4d88efc714fb878628cb29e49765d2 AST parse + source/import/inbound scan; representative source review","296","3","0"
"src/ai4s_agent/domains/oled_contracts.py","OLED ontology and evidence","MIGRATE","src/molly/domains/oled/; src/molly/evidence/","Retain pure OLED ontology, condition, unit, identity, and evidence semantics under bounded contracts.","A domain fact carries source locator, condition/unit semantics, claim level, and immutable input lineage.","CORE-05","exact HEAD bc379401fd4d88efc714fb878628cb29e49765d2 AST parse + source/import/inbound scan; representative source review","222","0","0"
"src/ai4s_agent/domains/oled_curated_baseline_benchmark_preflight.py","OLED reviewed-governance module","SIMPLIFY","src/molly/domains/oled/; src/molly/evidence/reviews.py","Retain reviewed OLED identity, units, conflict, leakage, and publication semantics after removing layered v1 governance authority.","OLED records preserve identity, units, conditions, review status, duplicate/conflict handling, and source lineage.","CORE-05","exact HEAD bc379401fd4d88efc714fb878628cb29e49765d2 AST parse + source/import/inbound scan; representative source review","899","2","0"
"src/ai4s_agent/domains/oled_curated_baseline_benchmark_report_writer.py","OLED reviewed-governance module","SIMPLIFY","src/molly/domains/oled/; src/molly/evidence/reviews.py","Retain reviewed OLED identity, units, conflict, leakage, and publication semantics after removing layered v1 governance authority.","OLED records preserve identity, units, conditions, review status, duplicate/conflict handling, and source lineage.","CORE-05","exact HEAD bc379401fd4d88efc714fb878628cb29e49765d2 AST parse + source/import/inbound scan; representative source review","980","3","0"
"src/ai4s_agent/domains/oled_curated_benchmark_registry_preflight.py","OLED reviewed-governance module","SIMPLIFY","src/molly/domains/oled/; src/molly/evidence/reviews.py","Retain reviewed OLED identity, units, conflict, leakage, and publication semantics after removing layered v1 governance authority.","OLED records preserve identity, units, conditions, review status, duplicate/conflict handling, and source lineage.","CORE-05","exact HEAD bc379401fd4d88efc714fb878628cb29e49765d2 AST parse + source/import/inbound scan; representative source review","802","2","0"
"src/ai4s_agent/domains/oled_curated_benchmark_registry_promotion_preflight.py","OLED reviewed-governance module","SIMPLIFY","src/molly/domains/oled/; src/molly/evidence/reviews.py","Retain reviewed OLED identity, units, conflict, leakage, and publication semantics after removing layered v1 governance authority.","OLED records preserve identity, units, conditions, review status, duplicate/conflict handling, and source lineage.","CORE-05","exact HEAD bc379401fd4d88efc714fb878628cb29e49765d2 AST parse + source/import/inbound scan; representative source review","739","2","0"
"src/ai4s_agent/domains/oled_curated_benchmark_registry_promotion_writer.py","OLED reviewed-governance module","SIMPLIFY","src/molly/domains/oled/; src/molly/evidence/reviews.py","Retain reviewed OLED identity, units, conflict, leakage, and publication semantics after removing layered v1 governance authority.","OLED records preserve identity, units, conditions, review status, duplicate/conflict handling, and source lineage.","CORE-05","exact HEAD bc379401fd4d88efc714fb878628cb29e49765d2 AST parse + source/import/inbound scan; representative source review","957","3","0"
"src/ai4s_agent/domains/oled_curated_benchmark_registry_writer.py","OLED reviewed-governance module","SIMPLIFY","src/molly/domains/oled/; src/molly/evidence/reviews.py","Retain reviewed OLED identity, units, conflict, leakage, and publication semantics after removing layered v1 governance authority.","OLED records preserve identity, units, conditions, review status, duplicate/conflict handling, and source lineage.","CORE-05","exact HEAD bc379401fd4d88efc714fb878628cb29e49765d2 AST parse + source/import/inbound scan; representative source review","954","3","0"
"src/ai4s_agent/domains/oled_curated_dataset_split_preflight.py","OLED reviewed-governance module","SIMPLIFY","src/molly/domains/oled/; src/molly/evidence/reviews.py","Retain reviewed OLED identity, units, conflict, leakage, and publication semantics after removing layered v1 governance authority.","OLED records preserve identity, units, conditions, review status, duplicate/conflict handling, and source lineage.","CORE-05","exact HEAD bc379401fd4d88efc714fb878628cb29e49765d2 AST parse + source/import/inbound scan; representative source review","799","5","0"
"src/ai4s_agent/domains/oled_curated_dataset_view_writer.py","OLED reviewed-governance module","SIMPLIFY","src/molly/domains/oled/; src/molly/evidence/reviews.py","Retain reviewed OLED identity, units, conflict, leakage, and publication semantics after removing layered v1 governance authority.","OLED records preserve identity, units, conditions, review status, duplicate/conflict handling, and source lineage.","CORE-05","exact HEAD bc379401fd4d88efc714fb878628cb29e49765d2 AST parse + source/import/inbound scan; representative source review","903","5","0"
"src/ai4s_agent/domains/oled_curated_final_registry_global_append_preflight.py","OLED reviewed-governance module","SIMPLIFY","src/molly/domains/oled/; src/molly/evidence/reviews.py","Retain reviewed OLED identity, units, conflict, leakage, and publication semantics after removing layered v1 governance authority.","OLED records preserve identity, units, conditions, review status, duplicate/conflict handling, and source lineage.","CORE-05","exact HEAD bc379401fd4d88efc714fb878628cb29e49765d2 AST parse + source/import/inbound scan; representative source review","974","2","0"
"src/ai4s_agent/domains/oled_curated_final_registry_global_append_writer.py","OLED reviewed-governance module","SIMPLIFY","src/molly/domains/oled/; src/molly/evidence/reviews.py","Retain reviewed OLED identity, units, conflict, leakage, and publication semantics after removing layered v1 governance authority.","OLED records preserve identity, units, conditions, review status, duplicate/conflict handling, and source lineage.","CORE-05","exact HEAD bc379401fd4d88efc714fb878628cb29e49765d2 AST parse + source/import/inbound scan; representative source review","1225","3","0"
"src/ai4s_agent/domains/oled_curated_global_append_release_preflight.py","OLED reviewed-governance module","SIMPLIFY","src/molly/domains/oled/; src/molly/evidence/reviews.py","Retain reviewed OLED identity, units, conflict, leakage, and publication semantics after removing layered v1 governance authority.","OLED records preserve identity, units, conditions, review status, duplicate/conflict handling, and source lineage.","CORE-05","exact HEAD bc379401fd4d88efc714fb878628cb29e49765d2 AST parse + source/import/inbound scan; representative source review","978","3","0"
"src/ai4s_agent/domains/oled_curated_global_append_release_writer.py","OLED reviewed-governance module","SIMPLIFY","src/molly/domains/oled/; src/molly/evidence/reviews.py","Retain reviewed OLED identity, units, conflict, leakage, and publication semantics after removing layered v1 governance authority.","OLED records preserve identity, units, conditions, review status, duplicate/conflict handling, and source lineage.","CORE-05","exact HEAD bc379401fd4d88efc714fb878628cb29e49765d2 AST parse + source/import/inbound scan; representative source review","1265","4","0"
"src/ai4s_agent/domains/oled_curated_gold_view_preflight.py","OLED reviewed-governance module","SIMPLIFY","src/molly/domains/oled/; src/molly/evidence/reviews.py","Retain reviewed OLED identity, units, conflict, leakage, and publication semantics after removing layered v1 governance authority.","OLED records preserve identity, units, conditions, review status, duplicate/conflict handling, and source lineage.","CORE-05","exact HEAD bc379401fd4d88efc714fb878628cb29e49765d2 AST parse + source/import/inbound scan; representative source review","747","4","0"
"src/ai4s_agent/domains/oled_curated_gold_writer.py","OLED reviewed-governance module","SIMPLIFY","src/molly/domains/oled/; src/molly/evidence/reviews.py","Retain reviewed OLED identity, units, conflict, leakage, and publication semantics after removing layered v1 governance authority.","OLED records preserve identity, units, conditions, review status, duplicate/conflict handling, and source lineage.","CORE-05","exact HEAD bc379401fd4d88efc714fb878628cb29e49765d2 AST parse + source/import/inbound scan; representative source review","696","3","0"
"src/ai4s_agent/domains/oled_curated_promoted_registry_publication_preflight.py","OLED reviewed-governance module","SIMPLIFY","src/molly/domains/oled/; src/molly/evidence/reviews.py","Retain reviewed OLED identity, units, conflict, leakage, and publication semantics after removing layered v1 governance authority.","OLED records preserve identity, units, conditions, review status, duplicate/conflict handling, and source lineage.","CORE-05","exact HEAD bc379401fd4d88efc714fb878628cb29e49765d2 AST parse + source/import/inbound scan; representative source review","794","2","0"
"src/ai4s_agent/domains/oled_curated_promoted_registry_publication_writer.py","OLED reviewed-governance module","SIMPLIFY","src/molly/domains/oled/; src/molly/evidence/reviews.py","Retain reviewed OLED identity, units, conflict, leakage, and publication semantics after removing layered v1 governance authority.","OLED records preserve identity, units, conditions, review status, duplicate/conflict handling, and source lineage.","CORE-05","exact HEAD bc379401fd4d88efc714fb878628cb29e49765d2 AST parse + source/import/inbound scan; representative source review","1081","3","0"
"src/ai4s_agent/domains/oled_curated_publication_candidate_final_registry_preflight.py","OLED reviewed-governance module","SIMPLIFY","src/molly/domains/oled/; src/molly/evidence/reviews.py","Retain reviewed OLED identity, units, conflict, leakage, and publication semantics after removing layered v1 governance authority.","OLED records preserve identity, units, conditions, review status, duplicate/conflict handling, and source lineage.","CORE-05","exact HEAD bc379401fd4d88efc714fb878628cb29e49765d2 AST parse + source/import/inbound scan; representative source review","810","2","0"
"src/ai4s_agent/domains/oled_curated_publication_candidate_final_registry_writer.py","OLED reviewed-governance module","SIMPLIFY","src/molly/domains/oled/; src/molly/evidence/reviews.py","Retain reviewed OLED identity, units, conflict, leakage, and publication semantics after removing layered v1 governance authority.","OLED records preserve identity, units, conditions, review status, duplicate/conflict handling, and source lineage.","CORE-05","exact HEAD bc379401fd4d88efc714fb878628cb29e49765d2 AST parse + source/import/inbound scan; representative source review","1124","3","0"
"src/ai4s_agent/domains/oled_curated_release_candidate_external_publication_preflight.py","OLED reviewed-governance module","SIMPLIFY","src/molly/domains/oled/; src/molly/evidence/reviews.py","Retain reviewed OLED identity, units, conflict, leakage, and publication semantics after removing layered v1 governance authority.","OLED records preserve identity, units, conditions, review status, duplicate/conflict handling, and source lineage.","CORE-05","exact HEAD bc379401fd4d88efc714fb878628cb29e49765d2 AST parse + source/import/inbound scan; representative source review","1145","2","0"
"src/ai4s_agent/domains/oled_curated_split_dataset_view_writer.py","OLED reviewed-governance module","SIMPLIFY","src/molly/domains/oled/; src/molly/evidence/reviews.py","Retain reviewed OLED identity, units, conflict, leakage, and publication semantics after removing layered v1 governance authority.","OLED records preserve identity, units, conditions, review status, duplicate/conflict handling, and source lineage.","CORE-05","exact HEAD bc379401fd4d88efc714fb878628cb29e49765d2 AST parse + source/import/inbound scan; representative source review","865","3","0"
"src/ai4s_agent/domains/oled_curated_split_feature_preflight.py","OLED reviewed-governance module","SIMPLIFY","src/molly/domains/oled/; src/molly/evidence/reviews.py","Retain reviewed OLED identity, units, conflict, leakage, and publication semantics after removing layered v1 governance authority.","OLED records preserve identity, units, conditions, review status, duplicate/conflict handling, and source lineage.","CORE-05","exact HEAD bc379401fd4d88efc714fb878628cb29e49765d2 AST parse + source/import/inbound scan; representative source review","764","6","0"
"src/ai4s_agent/domains/oled_curated_split_feature_writer.py","OLED reviewed-governance module","SIMPLIFY","src/molly/domains/oled/; src/molly/evidence/reviews.py","Retain reviewed OLED identity, units, conflict, leakage, and publication semantics after removing layered v1 governance authority.","OLED records preserve identity, units, conditions, review status, duplicate/conflict handling, and source lineage.","CORE-05","exact HEAD bc379401fd4d88efc714fb878628cb29e49765d2 AST parse + source/import/inbound scan; representative source review","1014","7","0"
"src/ai4s_agent/domains/oled_curated_split_training_package_preflight.py","OLED reviewed-governance module","SIMPLIFY","src/molly/domains/oled/; src/molly/evidence/reviews.py","Retain reviewed OLED identity, units, conflict, leakage, and publication semantics after removing layered v1 governance authority.","OLED records preserve identity, units, conditions, review status, duplicate/conflict handling, and source lineage.","CORE-05","exact HEAD bc379401fd4d88efc714fb878628cb29e49765d2 AST parse + source/import/inbound scan; representative source review","870","2","0"
"src/ai4s_agent/domains/oled_curated_split_training_package_writer.py","OLED reviewed-governance module","SIMPLIFY","src/molly/domains/oled/; src/molly/evidence/reviews.py","Retain reviewed OLED identity, units, conflict, leakage, and publication semantics after removing layered v1 governance authority.","OLED records preserve identity, units, conditions, review status, duplicate/conflict handling, and source lineage.","CORE-05","exact HEAD bc379401fd4d88efc714fb878628cb29e49765d2 AST parse + source/import/inbound scan; representative source review","1020","3","0"
"src/ai4s_agent/domains/oled_curated_training_package_backend_preflight.py","OLED reviewed-governance module","SIMPLIFY","src/molly/domains/oled/; src/molly/evidence/reviews.py","Retain reviewed OLED identity, units, conflict, leakage, and publication semantics after removing layered v1 governance authority.","OLED records preserve identity, units, conditions, review status, duplicate/conflict handling, and source lineage.","CORE-05","exact HEAD bc379401fd4d88efc714fb878628cb29e49765d2 AST parse + source/import/inbound scan; representative source review","931","2","0"
"src/ai4s_agent/domains/oled_curated_training_package_baseline_runner.py","OLED reviewed-governance module","SIMPLIFY","src/molly/domains/oled/; src/molly/evidence/reviews.py","Retain reviewed OLED identity, units, conflict, leakage, and publication semantics after removing layered v1 governance authority.","OLED records preserve identity, units, conditions, review status, duplicate/conflict handling, and source lineage.","CORE-05","exact HEAD bc379401fd4d88efc714fb878628cb29e49765d2 AST parse + source/import/inbound scan; representative source review","1210","3","0"
"src/ai4s_agent/domains/oled_dataset_views.py","OLED reviewed-governance module","SIMPLIFY","src/molly/domains/oled/; src/molly/evidence/reviews.py","Retain reviewed OLED identity, units, conflict, leakage, and publication semantics after removing layered v1 governance authority.","OLED records preserve identity, units, conditions, review status, duplicate/conflict handling, and source lineage.","CORE-05","exact HEAD bc379401fd4d88efc714fb878628cb29e49765d2 AST parse + source/import/inbound scan; representative source review","696","6","0"
"src/ai4s_agent/domains/oled_feature_materialization.py","OLED reviewed-governance module","SIMPLIFY","src/molly/domains/oled/; src/molly/evidence/reviews.py","Retain reviewed OLED identity, units, conflict, leakage, and publication semantics after removing layered v1 governance authority.","OLED records preserve identity, units, conditions, review status, duplicate/conflict handling, and source lineage.","CORE-05","exact HEAD bc379401fd4d88efc714fb878628cb29e49765d2 AST parse + source/import/inbound scan; representative source review","302","4","0"
"src/ai4s_agent/domains/oled_gold_admission_preflight.py","OLED reviewed-governance module","SIMPLIFY","src/molly/domains/oled/; src/molly/evidence/reviews.py","Retain reviewed OLED identity, units, conflict, leakage, and publication semantics after removing layered v1 governance authority.","OLED records preserve identity, units, conditions, review status, duplicate/conflict handling, and source lineage.","CORE-05","exact HEAD bc379401fd4d88efc714fb878628cb29e49765d2 AST parse + source/import/inbound scan; representative source review","545","4","0"
"src/ai4s_agent/domains/oled_gold_candidate_postwrite_verifier.py","OLED reviewed-governance module","SIMPLIFY","src/molly/domains/oled/; src/molly/evidence/reviews.py","Retain reviewed OLED identity, units, conflict, leakage, and publication semantics after removing layered v1 governance authority.","OLED records preserve identity, units, conditions, review status, duplicate/conflict handling, and source lineage.","CORE-05","exact HEAD bc379401fd4d88efc714fb878628cb29e49765d2 AST parse + source/import/inbound scan; representative source review","369","2","0"
"src/ai4s_agent/domains/oled_gold_candidate_writer.py","OLED reviewed-governance module","SIMPLIFY","src/molly/domains/oled/; src/molly/evidence/reviews.py","Retain reviewed OLED identity, units, conflict, leakage, and publication semantics after removing layered v1 governance authority.","OLED records preserve identity, units, conditions, review status, duplicate/conflict handling, and source lineage.","CORE-05","exact HEAD bc379401fd4d88efc714fb878628cb29e49765d2 AST parse + source/import/inbound scan; representative source review","434","2","0"
"src/ai4s_agent/domains/oled_gold_successor_postwrite_verifier.py","OLED reviewed-governance module","SIMPLIFY","src/molly/domains/oled/; src/molly/evidence/reviews.py","Retain reviewed OLED identity, units, conflict, leakage, and publication semantics after removing layered v1 governance authority.","OLED records preserve identity, units, conditions, review status, duplicate/conflict handling, and source lineage.","CORE-05","exact HEAD bc379401fd4d88efc714fb878628cb29e49765d2 AST parse + source/import/inbound scan; representative source review","445","3","0"
"src/ai4s_agent/domains/oled_gold_successor_preflight.py","OLED reviewed-governance module","SIMPLIFY","src/molly/domains/oled/; src/molly/evidence/reviews.py","Retain reviewed OLED identity, units, conflict, leakage, and publication semantics after removing layered v1 governance authority.","OLED records preserve identity, units, conditions, review status, duplicate/conflict handling, and source lineage.","CORE-05","exact HEAD bc379401fd4d88efc714fb878628cb29e49765d2 AST parse + source/import/inbound scan; representative source review","858","4","0"
"src/ai4s_agent/domains/oled_gold_successor_writer.py","OLED reviewed-governance module","SIMPLIFY","src/molly/domains/oled/; src/molly/evidence/reviews.py","Retain reviewed OLED identity, units, conflict, leakage, and publication semantics after removing layered v1 governance authority.","OLED records preserve identity, units, conditions, review status, duplicate/conflict handling, and source lineage.","CORE-05","exact HEAD bc379401fd4d88efc714fb878628cb29e49765d2 AST parse + source/import/inbound scan; representative source review","485","4","0"
"src/ai4s_agent/domains/oled_gold_validation.py","OLED reviewed-governance module","SIMPLIFY","src/molly/domains/oled/; src/molly/evidence/reviews.py","Retain reviewed OLED identity, units, conflict, leakage, and publication semantics after removing layered v1 governance authority.","OLED records preserve identity, units, conditions, review status, duplicate/conflict handling, and source lineage.","CORE-05","exact HEAD bc379401fd4d88efc714fb878628cb29e49765d2 AST parse + source/import/inbound scan; representative source review","140","2","0"
"src/ai4s_agent/domains/oled_layered_schema.py","OLED ontology and evidence","MIGRATE","src/molly/domains/oled/; src/molly/evidence/","Retain pure OLED ontology, condition, unit, identity, and evidence semantics under bounded contracts.","A domain fact carries source locator, condition/unit semantics, claim level, and immutable input lineage.","CORE-05","exact HEAD bc379401fd4d88efc714fb878628cb29e49765d2 AST parse + source/import/inbound scan; representative source review","991","5","0"
"src/ai4s_agent/domains/oled_llm_context_mapping.py","OLED structured mapping","SIMPLIFY","src/molly/evidence/mapping.py; src/molly/llm/","Keep structured, evidence-bound mapping as a bounded optional capability.","Model-produced mappings remain schema-validated and bound to source artifacts.","CORE-05","exact HEAD bc379401fd4d88efc714fb878628cb29e49765d2 AST parse + source/import/inbound scan; representative source review","2360","8","0"
"src/ai4s_agent/domains/oled_material_registry_adjudication.py","OLED reviewed-governance module","SIMPLIFY","src/molly/domains/oled/; src/molly/evidence/reviews.py","Retain reviewed OLED identity, units, conflict, leakage, and publication semantics after removing layered v1 governance authority.","OLED records preserve identity, units, conditions, review status, duplicate/conflict handling, and source lineage.","CORE-05","exact HEAD bc379401fd4d88efc714fb878628cb29e49765d2 AST parse + source/import/inbound scan; representative source review","1330","3","0"
"src/ai4s_agent/domains/oled_material_registry_entry_adjudication.py","OLED reviewed-governance module","SIMPLIFY","src/molly/domains/oled/; src/molly/evidence/reviews.py","Retain reviewed OLED identity, units, conflict, leakage, and publication semantics after removing layered v1 governance authority.","OLED records preserve identity, units, conditions, review status, duplicate/conflict handling, and source lineage.","CORE-05","exact HEAD bc379401fd4d88efc714fb878628cb29e49765d2 AST parse + source/import/inbound scan; representative source review","1026","3","0"
"src/ai4s_agent/domains/oled_material_registry_entry_proposal_request.py","OLED reviewed-governance module","SIMPLIFY","src/molly/domains/oled/; src/molly/evidence/reviews.py","Retain reviewed OLED identity, units, conflict, leakage, and publication semantics after removing layered v1 governance authority.","OLED records preserve identity, units, conditions, review status, duplicate/conflict handling, and source lineage.","CORE-05","exact HEAD bc379401fd4d88efc714fb878628cb29e49765d2 AST parse + source/import/inbound scan; representative source review","1212","4","0"
"src/ai4s_agent/domains/oled_material_registry_resolution_request.py","OLED reviewed-governance module","SIMPLIFY","src/molly/domains/oled/; src/molly/evidence/reviews.py","Retain reviewed OLED identity, units, conflict, leakage, and publication semantics after removing layered v1 governance authority.","OLED records preserve identity, units, conditions, review status, duplicate/conflict handling, and source lineage.","CORE-05","exact HEAD bc379401fd4d88efc714fb878628cb29e49765d2 AST parse + source/import/inbound scan; representative source review","1409","3","0"
"src/ai4s_agent/domains/oled_material_registry_successor_postwrite_verifier.py","OLED reviewed-governance module","SIMPLIFY","src/molly/domains/oled/; src/molly/evidence/reviews.py","Retain reviewed OLED identity, units, conflict, leakage, and publication semantics after removing layered v1 governance authority.","OLED records preserve identity, units, conditions, review status, duplicate/conflict handling, and source lineage.","CORE-05","exact HEAD bc379401fd4d88efc714fb878628cb29e49765d2 AST parse + source/import/inbound scan; representative source review","438","3","0"
"src/ai4s_agent/domains/oled_material_registry_successor_preflight.py","OLED reviewed-governance module","SIMPLIFY","src/molly/domains/oled/; src/molly/evidence/reviews.py","Retain reviewed OLED identity, units, conflict, leakage, and publication semantics after removing layered v1 governance authority.","OLED records preserve identity, units, conditions, review status, duplicate/conflict handling, and source lineage.","CORE-05","exact HEAD bc379401fd4d88efc714fb878628cb29e49765d2 AST parse + source/import/inbound scan; representative source review","582","3","0"
"src/ai4s_agent/domains/oled_material_registry_successor_writer.py","OLED reviewed-governance module","SIMPLIFY","src/molly/domains/oled/; src/molly/evidence/reviews.py","Retain reviewed OLED identity, units, conflict, leakage, and publication semantics after removing layered v1 governance authority.","OLED records preserve identity, units, conditions, review status, duplicate/conflict handling, and source lineage.","CORE-05","exact HEAD bc379401fd4d88efc714fb878628cb29e49765d2 AST parse + source/import/inbound scan; representative source review","394","3","0"
"src/ai4s_agent/domains/oled_mineru_acceptance_harness.py","OLED provider integration","PLUGIN","src/molly/documents/parsers/mineru.py; plugins/br1_inverse_design/","MinerU-dependent extraction stays optional and outside Core/minimal.","Parser output is normalized and provenance-bound; optional dependencies are not mandatory.","CORE-04,CORE-06","exact HEAD bc379401fd4d88efc714fb878628cb29e49765d2 AST parse + source/import/inbound scan; representative source review","424","3","0"
"src/ai4s_agent/domains/oled_mineru_candidates.py","OLED provider integration","PLUGIN","src/molly/documents/parsers/mineru.py; plugins/br1_inverse_design/","MinerU-dependent extraction stays optional and outside Core/minimal.","Parser output is normalized and provenance-bound; optional dependencies are not mandatory.","CORE-04,CORE-06","exact HEAD bc379401fd4d88efc714fb878628cb29e49765d2 AST parse + source/import/inbound scan; representative source review","841","1","0"
"src/ai4s_agent/domains/oled_mineru_review_adjudication.py","OLED provider integration","PLUGIN","src/molly/documents/parsers/mineru.py; plugins/br1_inverse_design/","MinerU-dependent extraction stays optional and outside Core/minimal.","Parser output is normalized and provenance-bound; optional dependencies are not mandatory.","CORE-04,CORE-06","exact HEAD bc379401fd4d88efc714fb878628cb29e49765d2 AST parse + source/import/inbound scan; representative source review","619","2","0"
"src/ai4s_agent/domains/oled_mineru_review_packets.py","OLED provider integration","PLUGIN","src/molly/documents/parsers/mineru.py; plugins/br1_inverse_design/","MinerU-dependent extraction stays optional and outside Core/minimal.","Parser output is normalized and provenance-bound; optional dependencies are not mandatory.","CORE-04,CORE-06","exact HEAD bc379401fd4d88efc714fb878628cb29e49765d2 AST parse + source/import/inbound scan; representative source review","749","7","0"
"src/ai4s_agent/domains/oled_mineru_semantic_mapping.py","OLED provider integration","PLUGIN","src/molly/documents/parsers/mineru.py; plugins/br1_inverse_design/","MinerU-dependent extraction stays optional and outside Core/minimal.","Parser output is normalized and provenance-bound; optional dependencies are not mandatory.","CORE-04,CORE-06","exact HEAD bc379401fd4d88efc714fb878628cb29e49765d2 AST parse + source/import/inbound scan; representative source review","1577","6","0"
"src/ai4s_agent/domains/oled_observation_materialization_candidate.py","OLED reviewed-governance module","SIMPLIFY","src/molly/domains/oled/; src/molly/evidence/reviews.py","Retain reviewed OLED identity, units, conflict, leakage, and publication semantics after removing layered v1 governance authority.","OLED records preserve identity, units, conditions, review status, duplicate/conflict handling, and source lineage.","CORE-05","exact HEAD bc379401fd4d88efc714fb878628cb29e49765d2 AST parse + source/import/inbound scan; representative source review","1156","8","0"
"src/ai4s_agent/domains/oled_observation_staging_preflight.py","OLED reviewed-governance module","SIMPLIFY","src/molly/domains/oled/; src/molly/evidence/reviews.py","Retain reviewed OLED identity, units, conflict, leakage, and publication semantics after removing layered v1 governance authority.","OLED records preserve identity, units, conditions, review status, duplicate/conflict handling, and source lineage.","CORE-05","exact HEAD bc379401fd4d88efc714fb878628cb29e49765d2 AST parse + source/import/inbound scan; representative source review","600","4","0"
"src/ai4s_agent/domains/oled_property_ontology.py","OLED ontology and evidence","MIGRATE","src/molly/domains/oled/; src/molly/evidence/","Retain pure OLED ontology, condition, unit, identity, and evidence semantics under bounded contracts.","A domain fact carries source locator, condition/unit semantics, claim level, and immutable input lineage.","CORE-05","exact HEAD bc379401fd4d88efc714fb878628cb29e49765d2 AST parse + source/import/inbound scan; representative source review","427","1","0"
"src/ai4s_agent/domains/oled_property_taxonomy.py","OLED ontology and evidence","MIGRATE","src/molly/domains/oled/; src/molly/evidence/","Retain pure OLED ontology, condition, unit, identity, and evidence semantics under bounded contracts.","A domain fact carries source locator, condition/unit semantics, claim level, and immutable input lineage.","CORE-05","exact HEAD bc379401fd4d88efc714fb878628cb29e49765d2 AST parse + source/import/inbound scan; representative source review","116","1","0"
"src/ai4s_agent/domains/oled_reported_values.py","OLED ontology and evidence","MIGRATE","src/molly/domains/oled/; src/molly/evidence/","Retain pure OLED ontology, condition, unit, identity, and evidence semantics under bounded contracts.","A domain fact carries source locator, condition/unit semantics, claim level, and immutable input lineage.","CORE-05","exact HEAD bc379401fd4d88efc714fb878628cb29e49765d2 AST parse + source/import/inbound scan; representative source review","95","0","0"
"src/ai4s_agent/domains/oled_review_packets.py","OLED reviewed-governance module","SIMPLIFY","src/molly/domains/oled/; src/molly/evidence/reviews.py","Retain reviewed OLED identity, units, conflict, leakage, and publication semantics after removing layered v1 governance authority.","OLED records preserve identity, units, conditions, review status, duplicate/conflict handling, and source lineage.","CORE-05","exact HEAD bc379401fd4d88efc714fb878628cb29e49765d2 AST parse + source/import/inbound scan; representative source review","154","0","0"
"src/ai4s_agent/domains/oled_reviewed_evidence_facet_adjudication.py","OLED reviewed-governance module","SIMPLIFY","src/molly/domains/oled/; src/molly/evidence/reviews.py","Retain reviewed OLED identity, units, conflict, leakage, and publication semantics after removing layered v1 governance authority.","OLED records preserve identity, units, conditions, review status, duplicate/conflict handling, and source lineage.","CORE-05","exact HEAD bc379401fd4d88efc714fb878628cb29e49765d2 AST parse + source/import/inbound scan; representative source review","787","3","0"
"src/ai4s_agent/domains/oled_reviewed_evidence_facet_review_request.py","OLED reviewed-governance module","SIMPLIFY","src/molly/domains/oled/; src/molly/evidence/reviews.py","Retain reviewed OLED identity, units, conflict, leakage, and publication semantics after removing layered v1 governance authority.","OLED records preserve identity, units, conditions, review status, duplicate/conflict handling, and source lineage.","CORE-05","exact HEAD bc379401fd4d88efc714fb878628cb29e49765d2 AST parse + source/import/inbound scan; representative source review","672","4","0"
"src/ai4s_agent/domains/oled_reviewed_evidence_ledger_postwrite_verifier.py","OLED reviewed-governance module","SIMPLIFY","src/molly/domains/oled/; src/molly/evidence/reviews.py","Retain reviewed OLED identity, units, conflict, leakage, and publication semantics after removing layered v1 governance authority.","OLED records preserve identity, units, conditions, review status, duplicate/conflict handling, and source lineage.","CORE-05","exact HEAD bc379401fd4d88efc714fb878628cb29e49765d2 AST parse + source/import/inbound scan; representative source review","434","2","0"
"src/ai4s_agent/domains/oled_reviewed_evidence_ledger_writer.py","OLED reviewed-governance module","SIMPLIFY","src/molly/domains/oled/; src/molly/evidence/reviews.py","Retain reviewed OLED identity, units, conflict, leakage, and publication semantics after removing layered v1 governance authority.","OLED records preserve identity, units, conditions, review status, duplicate/conflict handling, and source lineage.","CORE-05","exact HEAD bc379401fd4d88efc714fb878628cb29e49765d2 AST parse + source/import/inbound scan; representative source review","376","1","0"
"src/ai4s_agent/domains/oled_reviewed_evidence_staging_preflight.py","OLED reviewed-governance module","SIMPLIFY","src/molly/domains/oled/; src/molly/evidence/reviews.py","Retain reviewed OLED identity, units, conflict, leakage, and publication semantics after removing layered v1 governance authority.","OLED records preserve identity, units, conditions, review status, duplicate/conflict handling, and source lineage.","CORE-05","exact HEAD bc379401fd4d88efc714fb878628cb29e49765d2 AST parse + source/import/inbound scan; representative source review","1569","7","0"
"src/ai4s_agent/domains/oled_reviewed_extraction_candidates.py","OLED reviewed-governance module","SIMPLIFY","src/molly/domains/oled/; src/molly/evidence/reviews.py","Retain reviewed OLED identity, units, conflict, leakage, and publication semantics after removing layered v1 governance authority.","OLED records preserve identity, units, conditions, review status, duplicate/conflict handling, and source lineage.","CORE-05","exact HEAD bc379401fd4d88efc714fb878628cb29e49765d2 AST parse + source/import/inbound scan; representative source review","809","4","0"
"src/ai4s_agent/domains/oled_reviewed_gold_candidates.py","OLED reviewed-governance module","SIMPLIFY","src/molly/domains/oled/; src/molly/evidence/reviews.py","Retain reviewed OLED identity, units, conflict, leakage, and publication semantics after removing layered v1 governance authority.","OLED records preserve identity, units, conditions, review status, duplicate/conflict handling, and source lineage.","CORE-05","exact HEAD bc379401fd4d88efc714fb878628cb29e49765d2 AST parse + source/import/inbound scan; representative source review","780","6","0"
"src/ai4s_agent/domains/oled_schema_candidate_compiler.py","OLED reviewed-governance module","SIMPLIFY","src/molly/domains/oled/; src/molly/evidence/reviews.py","Retain reviewed OLED identity, units, conflict, leakage, and publication semantics after removing layered v1 governance authority.","OLED records preserve identity, units, conditions, review status, duplicate/conflict handling, and source lineage.","CORE-05","exact HEAD bc379401fd4d88efc714fb878628cb29e49765d2 AST parse + source/import/inbound scan; representative source review","970","3","0"
"src/ai4s_agent/domains/oled_split_leakage.py","OLED reviewed-governance module","SIMPLIFY","src/molly/domains/oled/; src/molly/evidence/reviews.py","Retain reviewed OLED identity, units, conflict, leakage, and publication semantics after removing layered v1 governance authority.","OLED records preserve identity, units, conditions, review status, duplicate/conflict handling, and source lineage.","CORE-05","exact HEAD bc379401fd4d88efc714fb878628cb29e49765d2 AST parse + source/import/inbound scan; representative source review","256","1","0"
"src/ai4s_agent/domains/oled_supplementary_evidence_recovery.py","OLED reviewed-governance module","SIMPLIFY","src/molly/domains/oled/; src/molly/evidence/reviews.py","Retain reviewed OLED identity, units, conflict, leakage, and publication semantics after removing layered v1 governance authority.","OLED records preserve identity, units, conditions, review status, duplicate/conflict handling, and source lineage.","CORE-05","exact HEAD bc379401fd4d88efc714fb878628cb29e49765d2 AST parse + source/import/inbound scan; representative source review","944","2","0"
"src/ai4s_agent/domains/oled_supplementary_locator_adjudication.py","OLED reviewed-governance module","SIMPLIFY","src/molly/domains/oled/; src/molly/evidence/reviews.py","Retain reviewed OLED identity, units, conflict, leakage, and publication semantics after removing layered v1 governance authority.","OLED records preserve identity, units, conditions, review status, duplicate/conflict handling, and source lineage.","CORE-05","exact HEAD bc379401fd4d88efc714fb878628cb29e49765d2 AST parse + source/import/inbound scan; representative source review","764","2","0"
"src/ai4s_agent/domains/oled_supplementary_locator_review.py","OLED reviewed-governance module","SIMPLIFY","src/molly/domains/oled/; src/molly/evidence/reviews.py","Retain reviewed OLED identity, units, conflict, leakage, and publication semantics after removing layered v1 governance authority.","OLED records preserve identity, units, conditions, review status, duplicate/conflict handling, and source lineage.","CORE-05","exact HEAD bc379401fd4d88efc714fb878628cb29e49765d2 AST parse + source/import/inbound scan; representative source review","718","3","0"
"src/ai4s_agent/domains/oled_supplementary_material_identity_candidate_request.py","OLED reviewed-governance module","SIMPLIFY","src/molly/domains/oled/; src/molly/evidence/reviews.py","Retain reviewed OLED identity, units, conflict, leakage, and publication semantics after removing layered v1 governance authority.","OLED records preserve identity, units, conditions, review status, duplicate/conflict handling, and source lineage.","CORE-05","exact HEAD bc379401fd4d88efc714fb878628cb29e49765d2 AST parse + source/import/inbound scan; representative source review","1234","4","0"
"src/ai4s_agent/domains/oled_supplementary_material_identity_evidence_response.py","OLED reviewed-governance module","SIMPLIFY","src/molly/domains/oled/; src/molly/evidence/reviews.py","Retain reviewed OLED identity, units, conflict, leakage, and publication semantics after removing layered v1 governance authority.","OLED records preserve identity, units, conditions, review status, duplicate/conflict handling, and source lineage.","CORE-05","exact HEAD bc379401fd4d88efc714fb878628cb29e49765d2 AST parse + source/import/inbound scan; representative source review","2528","3","0"
"src/ai4s_agent/domains/oled_supplementary_material_identity_review.py","OLED reviewed-governance module","SIMPLIFY","src/molly/domains/oled/; src/molly/evidence/reviews.py","Retain reviewed OLED identity, units, conflict, leakage, and publication semantics after removing layered v1 governance authority.","OLED records preserve identity, units, conditions, review status, duplicate/conflict handling, and source lineage.","CORE-05","exact HEAD bc379401fd4d88efc714fb878628cb29e49765d2 AST parse + source/import/inbound scan; representative source review","2594","4","0"
"src/ai4s_agent/domains/oled_supplementary_mineru_execution.py","OLED provider integration","PLUGIN","src/molly/documents/parsers/mineru.py; plugins/br1_inverse_design/","MinerU-dependent extraction stays optional and outside Core/minimal.","Parser output is normalized and provenance-bound; optional dependencies are not mandatory.","CORE-04,CORE-06","exact HEAD bc379401fd4d88efc714fb878628cb29e49765d2 AST parse + source/import/inbound scan; representative source review","609","2","0"
"src/ai4s_agent/domains/oled_supplementary_parser_preflight.py","OLED reviewed-governance module","SIMPLIFY","src/molly/domains/oled/; src/molly/evidence/reviews.py","Retain reviewed OLED identity, units, conflict, leakage, and publication semantics after removing layered v1 governance authority.","OLED records preserve identity, units, conditions, review status, duplicate/conflict handling, and source lineage.","CORE-05","exact HEAD bc379401fd4d88efc714fb878628cb29e49765d2 AST parse + source/import/inbound scan; representative source review","674","2","0"
"src/ai4s_agent/domains/oled_supplementary_scoped_candidate_request.py","OLED reviewed-governance module","SIMPLIFY","src/molly/domains/oled/; src/molly/evidence/reviews.py","Retain reviewed OLED identity, units, conflict, leakage, and publication semantics after removing layered v1 governance authority.","OLED records preserve identity, units, conditions, review status, duplicate/conflict handling, and source lineage.","CORE-05","exact HEAD bc379401fd4d88efc714fb878628cb29e49765d2 AST parse + source/import/inbound scan; representative source review","702","5","0"
"src/ai4s_agent/domains/oled_supplementary_scoped_candidate_response.py","OLED reviewed-governance module","SIMPLIFY","src/molly/domains/oled/; src/molly/evidence/reviews.py","Retain reviewed OLED identity, units, conflict, leakage, and publication semantics after removing layered v1 governance authority.","OLED records preserve identity, units, conditions, review status, duplicate/conflict handling, and source lineage.","CORE-05","exact HEAD bc379401fd4d88efc714fb878628cb29e49765d2 AST parse + source/import/inbound scan; representative source review","1399","6","0"
"src/ai4s_agent/domains/oled_supplementary_semantic_review.py","OLED reviewed-governance module","SIMPLIFY","src/molly/domains/oled/; src/molly/evidence/reviews.py","Retain reviewed OLED identity, units, conflict, leakage, and publication semantics after removing layered v1 governance authority.","OLED records preserve identity, units, conditions, review status, duplicate/conflict handling, and source lineage.","CORE-05","exact HEAD bc379401fd4d88efc714fb878628cb29e49765d2 AST parse + source/import/inbound scan; representative source review","2504","4","0"
"src/ai4s_agent/domains/oled_supplementary_source_intake.py","OLED reviewed-governance module","SIMPLIFY","src/molly/domains/oled/; src/molly/evidence/reviews.py","Retain reviewed OLED identity, units, conflict, leakage, and publication semantics after removing layered v1 governance authority.","OLED records preserve identity, units, conditions, review status, duplicate/conflict handling, and source lineage.","CORE-05","exact HEAD bc379401fd4d88efc714fb878628cb29e49765d2 AST parse + source/import/inbound scan; representative source review","742","1","0"
"src/ai4s_agent/domains/oled_supplementary_source_transcription_review.py","OLED reviewed-governance module","SIMPLIFY","src/molly/domains/oled/; src/molly/evidence/reviews.py","Retain reviewed OLED identity, units, conflict, leakage, and publication semantics after removing layered v1 governance authority.","OLED records preserve identity, units, conditions, review status, duplicate/conflict handling, and source lineage.","CORE-05","exact HEAD bc379401fd4d88efc714fb878628cb29e49765d2 AST parse + source/import/inbound scan; representative source review","2750","4","0"
"src/ai4s_agent/domains/oled_tabular_backend.py","OLED reviewed-governance module","SIMPLIFY","src/molly/domains/oled/; src/molly/evidence/reviews.py","Retain reviewed OLED identity, units, conflict, leakage, and publication semantics after removing layered v1 governance authority.","OLED records preserve identity, units, conditions, review status, duplicate/conflict handling, and source lineage.","CORE-05","exact HEAD bc379401fd4d88efc714fb878628cb29e49765d2 AST parse + source/import/inbound scan; representative source review","286","4","0"
"src/ai4s_agent/domains/oled_text_evidence_candidates.py","OLED reviewed-governance module","SIMPLIFY","src/molly/domains/oled/; src/molly/evidence/reviews.py","Retain reviewed OLED identity, units, conflict, leakage, and publication semantics after removing layered v1 governance authority.","OLED records preserve identity, units, conditions, review status, duplicate/conflict handling, and source lineage.","CORE-05","exact HEAD bc379401fd4d88efc714fb878628cb29e49765d2 AST parse + source/import/inbound scan; representative source review","473","1","0"
"src/ai4s_agent/domains/oled_units.py","OLED ontology and evidence","MIGRATE","src/molly/domains/oled/; src/molly/evidence/","Retain pure OLED ontology, condition, unit, identity, and evidence semantics under bounded contracts.","A domain fact carries source locator, condition/unit semantics, claim level, and immutable input lineage.","CORE-05","exact HEAD bc379401fd4d88efc714fb878628cb29e49765d2 AST parse + source/import/inbound scan; representative source review","422","0","0"
"src/ai4s_agent/durable_job_control.py","remote and worker execution","PLUGIN","plugins/remote_compute/","Remote submit/inspect/collect and worker lifecycle behavior remains an optional durable compute plugin.","Remote jobs are idempotent, restart-safe, server-credentialed, and never mandatory for Core/minimal.","CORE-06","exact HEAD bc379401fd4d88efc714fb878628cb29e49765d2 AST parse + source/import/inbound scan; representative source review","282","3","0"
"src/ai4s_agent/error_taxonomy.py","legacy error classification","SIMPLIFY","src/molly/core/validation.py","Retain only bounded validation/error categories; do not add the unauthorized error-propagation research model.","Failures are explicit and fail closed without a propagation runtime.","CORE-01","exact HEAD bc379401fd4d88efc714fb878628cb29e49765d2 AST parse + source/import/inbound scan; representative source review","68","1","0"
"src/ai4s_agent/execution_agent.py","v1 execution authority","ARCHIVE","none (frozen v1 only)","Legacy execution confirmations, policy layers, and authority gates are frozen; Core v2 uses one ToolPolicy and exact ApprovalRecord.","No duplicate execution authority or v1 approval wrapper is required by Core v2.","C1,C2","exact HEAD bc379401fd4d88efc714fb878628cb29e49765d2 AST parse + source/import/inbound scan; representative source review","2275","6","0"
"src/ai4s_agent/execution_agent_store.py","legacy v1 package","ARCHIVE","none (frozen v1 only)","Retain this v1 implementation in the immutable rollback line; it is not a Core v2 authority.","Frozen v1 behavior remains recoverable and is not imported by the Core v2 runtime.","C1,C2","exact HEAD bc379401fd4d88efc714fb878628cb29e49765d2 AST parse + source/import/inbound scan; representative source review","1041","2","0"
"src/ai4s_agent/execution_agent_v2.py","v1 execution authority","ARCHIVE","none (frozen v1 only)","Legacy execution confirmations, policy layers, and authority gates are frozen; Core v2 uses one ToolPolicy and exact ApprovalRecord.","No duplicate execution authority or v1 approval wrapper is required by Core v2.","C1,C2","exact HEAD bc379401fd4d88efc714fb878628cb29e49765d2 AST parse + source/import/inbound scan; representative source review","3135","12","0"
"src/ai4s_agent/execution_confirmation.py","v1 execution authority","ARCHIVE","none (frozen v1 only)","Legacy execution confirmations, policy layers, and authority gates are frozen; Core v2 uses one ToolPolicy and exact ApprovalRecord.","No duplicate execution authority or v1 approval wrapper is required by Core v2.","C1,C2","exact HEAD bc379401fd4d88efc714fb878628cb29e49765d2 AST parse + source/import/inbound scan; representative source review","134","4","0"
"src/ai4s_agent/execution_policy.py","v1 execution authority","ARCHIVE","none (frozen v1 only)","Legacy execution confirmations, policy layers, and authority gates are frozen; Core v2 uses one ToolPolicy and exact ApprovalRecord.","No duplicate execution authority or v1 approval wrapper is required by Core v2.","C1,C2","exact HEAD bc379401fd4d88efc714fb878628cb29e49765d2 AST parse + source/import/inbound scan; representative source review","206","6","0"
"src/ai4s_agent/executor.py","v1 execution authority","SIMPLIFY","src/molly/core/agent_loop.py; src/molly/core/runs.py","Extract one bounded validate-policy-execute-publish path without migrating the v1 executor stack.","Exactly one policy-checked execution path publishes artifacts and appends factual ledger records.","CORE-02","exact HEAD bc379401fd4d88efc714fb878628cb29e49765d2 AST parse + source/import/inbound scan; representative source review","5724","26","0"
"src/ai4s_agent/external_approval_compat.py","legacy v1 package","ARCHIVE","none (frozen v1 only)","Retain this v1 implementation in the immutable rollback line; it is not a Core v2 authority.","Frozen v1 behavior remains recoverable and is not imported by the Core v2 runtime.","C1,C2","exact HEAD bc379401fd4d88efc714fb878628cb29e49765d2 AST parse + source/import/inbound scan; representative source review","13","1","0"
"src/ai4s_agent/external_approvals.py","legacy v1 package","ARCHIVE","none (frozen v1 only)","Retain this v1 implementation in the immutable rollback line; it is not a Core v2 authority.","Frozen v1 behavior remains recoverable and is not imported by the Core v2 runtime.","C1,C2","exact HEAD bc379401fd4d88efc714fb878628cb29e49765d2 AST parse + source/import/inbound scan; representative source review","259","5","0"
"src/ai4s_agent/gatekeeper.py","v1 execution authority","ARCHIVE","none (frozen v1 only)","Legacy execution confirmations, policy layers, and authority gates are frozen; Core v2 uses one ToolPolicy and exact ApprovalRecord.","No duplicate execution authority or v1 approval wrapper is required by Core v2.","C1,C2","exact HEAD bc379401fd4d88efc714fb878628cb29e49765d2 AST parse + source/import/inbound scan; representative source review","39","1","0"
"src/ai4s_agent/generation_publication.py","BR1 scientific integration","PLUGIN","plugins/br1_inverse_design/","BR1 preparation, model, generation, prediction, and evaluation remain optional plugin capabilities governed by the parity contract.","Fresh/current-run model and generation lineage is required; no historical artifact satisfies a fresh-real claim.","CORE-06","exact HEAD bc379401fd4d88efc714fb878628cb29e49765d2 AST parse + source/import/inbound scan; representative source review","478","0","0"
"src/ai4s_agent/harness_tracing.py","observability","PLUGIN","src/molly/observability/","Observer/exporter integrations remain optional and read-only over the factual ledger.","Exporter failure is non-fatal and observability payloads obey the privacy boundary.","CORE-07","exact HEAD bc379401fd4d88efc714fb878628cb29e49765d2 AST parse + source/import/inbound scan; representative source review","958","2","0"
"src/ai4s_agent/job_manager.py","remote and worker execution","PLUGIN","plugins/remote_compute/","Remote submit/inspect/collect and worker lifecycle behavior remains an optional durable compute plugin.","Remote jobs are idempotent, restart-safe, server-credentialed, and never mandatory for Core/minimal.","CORE-06","exact HEAD bc379401fd4d88efc714fb878628cb29e49765d2 AST parse + source/import/inbound scan; representative source review","348","2","0"
"src/ai4s_agent/json_rmw_lock.py","core persistence utilities","MIGRATE","src/molly/core/_utils.py; src/molly/core/ledger.py","Retain canonicalization, digest, time, locking, and atomic-write helpers without the legacy package dependency.","Canonical serialization and atomic persistence are deterministic and content-addressed.","CORE-01","exact HEAD bc379401fd4d88efc714fb878628cb29e49765d2 AST parse + source/import/inbound scan; representative source review","112","1","0"
"src/ai4s_agent/langsmith_adapter.py","observability","PLUGIN","src/molly/observability/","Observer/exporter integrations remain optional and read-only over the factual ledger.","Exporter failure is non-fatal and observability payloads obey the privacy boundary.","CORE-07","exact HEAD bc379401fd4d88efc714fb878628cb29e49765d2 AST parse + source/import/inbound scan; representative source review","279","3","0"
"src/ai4s_agent/literature_intake.py","literature acquisition","MIGRATE","src/molly/acquisition/","Replace PDF/conversation/gate coupling with conservative metadata, resolution, cache, fetch, and provenance contracts.","Only allowlisted legal sources produce content-addressed artifacts with acquisition provenance.","CORE-03","exact HEAD bc379401fd4d88efc714fb878628cb29e49765d2 AST parse + source/import/inbound scan; representative source review","975","6","0"
"src/ai4s_agent/llm_invocation_artifacts.py","LLM provider boundary","SIMPLIFY","src/molly/llm/","Retain role-bound provider/profile and structured-output contracts as optional Core capabilities.","Prompts, models, schemas, and responses are digest-bound; credentials are never model-visible.","CORE-02,CORE-05","exact HEAD bc379401fd4d88efc714fb878628cb29e49765d2 AST parse + source/import/inbound scan; representative source review","564","1","0"
"src/ai4s_agent/llm_provider.py","LLM provider boundary","SIMPLIFY","src/molly/llm/","Retain role-bound provider/profile and structured-output contracts as optional Core capabilities.","Prompts, models, schemas, and responses are digest-bound; credentials are never model-visible.","CORE-02,CORE-05","exact HEAD bc379401fd4d88efc714fb878628cb29e49765d2 AST parse + source/import/inbound scan; representative source review","1161","2","0"
"src/ai4s_agent/llm_provider_resolution.py","LLM provider boundary","SIMPLIFY","src/molly/llm/","Retain role-bound provider/profile and structured-output contracts as optional Core capabilities.","Prompts, models, schemas, and responses are digest-bound; credentials are never model-visible.","CORE-02,CORE-05","exact HEAD bc379401fd4d88efc714fb878628cb29e49765d2 AST parse + source/import/inbound scan; representative source review","212","3","0"
"src/ai4s_agent/llm_settings.py","LLM provider boundary","SIMPLIFY","src/molly/llm/","Retain role-bound provider/profile and structured-output contracts as optional Core capabilities.","Prompts, models, schemas, and responses are digest-bound; credentials are never model-visible.","CORE-02,CORE-05","exact HEAD bc379401fd4d88efc714fb878628cb29e49765d2 AST parse + source/import/inbound scan; representative source review","689","2","0"
"src/ai4s_agent/local_security.py","local security boundary","MIGRATE","src/molly/core/security.py; src/molly/acquisition/config.py","Retain path and credential boundary checks under the frozen acquisition/security contract.","Credentials are server-owned and no untrusted path or URL crosses a boundary unchecked.","CORE-03","exact HEAD bc379401fd4d88efc714fb878628cb29e49765d2 AST parse + source/import/inbound scan; representative source review","59","0","0"
"src/ai4s_agent/local_worker_loop.py","remote and worker execution","PLUGIN","plugins/remote_compute/","Remote submit/inspect/collect and worker lifecycle behavior remains an optional durable compute plugin.","Remote jobs are idempotent, restart-safe, server-credentialed, and never mandatory for Core/minimal.","CORE-06","exact HEAD bc379401fd4d88efc714fb878628cb29e49765d2 AST parse + source/import/inbound scan; representative source review","36","1","0"
"src/ai4s_agent/local_worker_runner.py","remote and worker execution","PLUGIN","plugins/remote_compute/","Remote submit/inspect/collect and worker lifecycle behavior remains an optional durable compute plugin.","Remote jobs are idempotent, restart-safe, server-credentialed, and never mandatory for Core/minimal.","CORE-06","exact HEAD bc379401fd4d88efc714fb878628cb29e49765d2 AST parse + source/import/inbound scan; representative source review","317","3","0"
"src/ai4s_agent/memory.py","conversation and memory projection","DEFER","optional src/molly/api.py; src/molly/cli.py","Conversation and memory are optional projection layers, not Core execution authority.","Core runs, artifacts, and reviews remain usable without conversation persistence.","after CORE-07","exact HEAD bc379401fd4d88efc714fb878628cb29e49765d2 AST parse + source/import/inbound scan; representative source review","397","3","0"
"src/ai4s_agent/mineru_api_client.py","MinerU provider integration","PLUGIN","src/molly/documents/parsers/mineru.py","MinerU endpoint, profile, normalization, and preflight behavior remains optional parser integration.","No MinerU package, endpoint, or credential is required by Core/minimal.","CORE-04","exact HEAD bc379401fd4d88efc714fb878628cb29e49765d2 AST parse + source/import/inbound scan; representative source review","696","1","0"
"src/ai4s_agent/mineru_endpoint_preflight.py","MinerU provider integration","PLUGIN","src/molly/documents/parsers/mineru.py","MinerU endpoint, profile, normalization, and preflight behavior remains optional parser integration.","No MinerU package, endpoint, or credential is required by Core/minimal.","CORE-04","exact HEAD bc379401fd4d88efc714fb878628cb29e49765d2 AST parse + source/import/inbound scan; representative source review","571","3","0"
"src/ai4s_agent/mineru_endpoint_profiles.py","MinerU provider integration","PLUGIN","src/molly/documents/parsers/mineru.py","MinerU endpoint, profile, normalization, and preflight behavior remains optional parser integration.","No MinerU package, endpoint, or credential is required by Core/minimal.","CORE-04","exact HEAD bc379401fd4d88efc714fb878628cb29e49765d2 AST parse + source/import/inbound scan; representative source review","332","0","0"
"src/ai4s_agent/mineru_output_normalizer.py","MinerU provider integration","PLUGIN","src/molly/documents/parsers/mineru.py","MinerU endpoint, profile, normalization, and preflight behavior remains optional parser integration.","No MinerU package, endpoint, or credential is required by Core/minimal.","CORE-04","exact HEAD bc379401fd4d88efc714fb878628cb29e49765d2 AST parse + source/import/inbound scan; representative source review","695","4","0"
"src/ai4s_agent/mineru_preflight_binding.py","MinerU provider integration","PLUGIN","src/molly/documents/parsers/mineru.py","MinerU endpoint, profile, normalization, and preflight behavior remains optional parser integration.","No MinerU package, endpoint, or credential is required by Core/minimal.","CORE-04","exact HEAD bc379401fd4d88efc714fb878628cb29e49765d2 AST parse + source/import/inbound scan; representative source review","134","3","0"
"src/ai4s_agent/molly_worker.py","remote and worker execution","PLUGIN","plugins/remote_compute/","Remote submit/inspect/collect and worker lifecycle behavior remains an optional durable compute plugin.","Remote jobs are idempotent, restart-safe, server-credentialed, and never mandatory for Core/minimal.","CORE-06","exact HEAD bc379401fd4d88efc714fb878628cb29e49765d2 AST parse + source/import/inbound scan; representative source review","2973","6","0"
"src/ai4s_agent/observability_config.py","observability","PLUGIN","src/molly/observability/","Observer/exporter integrations remain optional and read-only over the factual ledger.","Exporter failure is non-fatal and observability payloads obey the privacy boundary.","CORE-07","exact HEAD bc379401fd4d88efc714fb878628cb29e49765d2 AST parse + source/import/inbound scan; representative source review","134","1","0"
"src/ai4s_agent/observability_correlation.py","observability","PLUGIN","src/molly/observability/","Observer/exporter integrations remain optional and read-only over the factual ledger.","Exporter failure is non-fatal and observability payloads obey the privacy boundary.","CORE-07","exact HEAD bc379401fd4d88efc714fb878628cb29e49765d2 AST parse + source/import/inbound scan; representative source review","154","1","0"
"src/ai4s_agent/ocsr_candidate_execution.py","OCR/OCSR experimental integration","DEFER","optional future document plugin","OCSR remains outside Core v2 readiness scope and is not required for the parser contract.","No OCR dependency is introduced into Core/minimal.","after CORE-07","exact HEAD bc379401fd4d88efc714fb878628cb29e49765d2 AST parse + source/import/inbound scan; representative source review","1079","0","0"
"src/ai4s_agent/ocsr_crop_preprocessing.py","OCR/OCSR experimental integration","DEFER","optional future document plugin","OCSR remains outside Core v2 readiness scope and is not required for the parser contract.","No OCR dependency is introduced into Core/minimal.","after CORE-07","exact HEAD bc379401fd4d88efc714fb878628cb29e49765d2 AST parse + source/import/inbound scan; representative source review","859","3","0"
"src/ai4s_agent/ocsr_real_corpus_benchmark.py","OCR/OCSR experimental integration","DEFER","optional future document plugin","OCSR remains outside Core v2 readiness scope and is not required for the parser contract.","No OCR dependency is introduced into Core/minimal.","after CORE-07","exact HEAD bc379401fd4d88efc714fb878628cb29e49765d2 AST parse + source/import/inbound scan; representative source review","1933","1","0"
"src/ai4s_agent/oled_bounded_discovery_controller.py","v1 controller, replanner, and recovery","ARCHIVE","none (frozen v1 only)","Archive the v1 controller/replanner/recovery authority stack; AgentLoop and RunLedger are the only future execution concepts.","No controller, replanner, autonomous recovery, or second state machine is imported by Core v2.","C1,C2","exact HEAD bc379401fd4d88efc714fb878628cb29e49765d2 AST parse + source/import/inbound scan; representative source review","1351","10","0"
"src/ai4s_agent/oled_bounded_discovery_session.py","legacy v1 package","ARCHIVE","none (frozen v1 only)","Retain this v1 implementation in the immutable rollback line; it is not a Core v2 authority.","Frozen v1 behavior remains recoverable and is not imported by the Core v2 runtime.","C1,C2","exact HEAD bc379401fd4d88efc714fb878628cb29e49765d2 AST parse + source/import/inbound scan; representative source review","2900","19","0"
"src/ai4s_agent/oled_bounded_discovery_session_actions.py","legacy v1 package","ARCHIVE","none (frozen v1 only)","Retain this v1 implementation in the immutable rollback line; it is not a Core v2 authority.","Frozen v1 behavior remains recoverable and is not imported by the Core v2 runtime.","C1,C2","exact HEAD bc379401fd4d88efc714fb878628cb29e49765d2 AST parse + source/import/inbound scan; representative source review","911","9","0"
"src/ai4s_agent/oled_bounded_discovery_session_view.py","legacy v1 package","ARCHIVE","none (frozen v1 only)","Retain this v1 implementation in the immutable rollback line; it is not a Core v2 authority.","Frozen v1 behavior remains recoverable and is not imported by the Core v2 runtime.","C1,C2","exact HEAD bc379401fd4d88efc714fb878628cb29e49765d2 AST parse + source/import/inbound scan; representative source review","363","2","0"
"src/ai4s_agent/oled_candidate_decision.py","legacy v1 package","ARCHIVE","none (frozen v1 only)","Retain this v1 implementation in the immutable rollback line; it is not a Core v2 authority.","Frozen v1 behavior remains recoverable and is not imported by the Core v2 runtime.","C1,C2","exact HEAD bc379401fd4d88efc714fb878628cb29e49765d2 AST parse + source/import/inbound scan; representative source review","1031","10","0"
"src/ai4s_agent/oled_categorical_dataset_execution.py","legacy v1 package","ARCHIVE","none (frozen v1 only)","Retain this v1 implementation in the immutable rollback line; it is not a Core v2 authority.","Frozen v1 behavior remains recoverable and is not imported by the Core v2 runtime.","C1,C2","exact HEAD bc379401fd4d88efc714fb878628cb29e49765d2 AST parse + source/import/inbound scan; representative source review","522","7","0"
"src/ai4s_agent/oled_categorical_gold_dataset_admission.py","legacy v1 package","ARCHIVE","none (frozen v1 only)","Retain this v1 implementation in the immutable rollback line; it is not a Core v2 authority.","Frozen v1 behavior remains recoverable and is not imported by the Core v2 runtime.","C1,C2","exact HEAD bc379401fd4d88efc714fb878628cb29e49765d2 AST parse + source/import/inbound scan; representative source review","156","7","0"
"src/ai4s_agent/oled_experiment_batch_selection.py","legacy v1 package","ARCHIVE","none (frozen v1 only)","Retain this v1 implementation in the immutable rollback line; it is not a Core v2 authority.","Frozen v1 behavior remains recoverable and is not imported by the Core v2 runtime.","C1,C2","exact HEAD bc379401fd4d88efc714fb878628cb29e49765d2 AST parse + source/import/inbound scan; representative source review","2791","6","0"
"src/ai4s_agent/oled_generated_candidate_evaluation.py","legacy v1 package","ARCHIVE","none (frozen v1 only)","Retain this v1 implementation in the immutable rollback line; it is not a Core v2 authority.","Frozen v1 behavior remains recoverable and is not imported by the Core v2 runtime.","C1,C2","exact HEAD bc379401fd4d88efc714fb878628cb29e49765d2 AST parse + source/import/inbound scan; representative source review","1254","11","0"
"src/ai4s_agent/oled_gold_admission_preflight.py","legacy v1 package","ARCHIVE","none (frozen v1 only)","Retain this v1 implementation in the immutable rollback line; it is not a Core v2 authority.","Frozen v1 behavior remains recoverable and is not imported by the Core v2 runtime.","C1,C2","exact HEAD bc379401fd4d88efc714fb878628cb29e49765d2 AST parse + source/import/inbound scan; representative source review","132","6","0"
"src/ai4s_agent/oled_gold_candidate_postwrite_verifier.py","legacy v1 package","ARCHIVE","none (frozen v1 only)","Retain this v1 implementation in the immutable rollback line; it is not a Core v2 authority.","Frozen v1 behavior remains recoverable and is not imported by the Core v2 runtime.","C1,C2","exact HEAD bc379401fd4d88efc714fb878628cb29e49765d2 AST parse + source/import/inbound scan; representative source review","150","6","0"
"src/ai4s_agent/oled_gold_candidate_writer.py","legacy v1 package","ARCHIVE","none (frozen v1 only)","Retain this v1 implementation in the immutable rollback line; it is not a Core v2 authority.","Frozen v1 behavior remains recoverable and is not imported by the Core v2 runtime.","C1,C2","exact HEAD bc379401fd4d88efc714fb878628cb29e49765d2 AST parse + source/import/inbound scan; representative source review","245","7","0"
"src/ai4s_agent/oled_gold_successor_postwrite_verifier.py","legacy v1 package","ARCHIVE","none (frozen v1 only)","Retain this v1 implementation in the immutable rollback line; it is not a Core v2 authority.","Frozen v1 behavior remains recoverable and is not imported by the Core v2 runtime.","C1,C2","exact HEAD bc379401fd4d88efc714fb878628cb29e49765d2 AST parse + source/import/inbound scan; representative source review","158","7","0"
"src/ai4s_agent/oled_gold_successor_preflight.py","legacy v1 package","ARCHIVE","none (frozen v1 only)","Retain this v1 implementation in the immutable rollback line; it is not a Core v2 authority.","Frozen v1 behavior remains recoverable and is not imported by the Core v2 runtime.","C1,C2","exact HEAD bc379401fd4d88efc714fb878628cb29e49765d2 AST parse + source/import/inbound scan; representative source review","169","7","0"
"src/ai4s_agent/oled_gold_successor_writer.py","legacy v1 package","ARCHIVE","none (frozen v1 only)","Retain this v1 implementation in the immutable rollback line; it is not a Core v2 authority.","Frozen v1 behavior remains recoverable and is not imported by the Core v2 runtime.","C1,C2","exact HEAD bc379401fd4d88efc714fb878628cb29e49765d2 AST parse + source/import/inbound scan; representative source review","393","9","0"
"src/ai4s_agent/oled_inverse_design.py","legacy v1 package","ARCHIVE","none (frozen v1 only)","Retain this v1 implementation in the immutable rollback line; it is not a Core v2 authority.","Frozen v1 behavior remains recoverable and is not imported by the Core v2 runtime.","C1,C2","exact HEAD bc379401fd4d88efc714fb878628cb29e49765d2 AST parse + source/import/inbound scan; representative source review","2686","13","0"
"src/ai4s_agent/oled_llm_context_request.py","legacy v1 package","ARCHIVE","none (frozen v1 only)","Retain this v1 implementation in the immutable rollback line; it is not a Core v2 authority.","Frozen v1 behavior remains recoverable and is not imported by the Core v2 runtime.","C1,C2","exact HEAD bc379401fd4d88efc714fb878628cb29e49765d2 AST parse + source/import/inbound scan; representative source review","577","6","0"
"src/ai4s_agent/oled_material_registry_adjudication.py","legacy v1 package","ARCHIVE","none (frozen v1 only)","Retain this v1 implementation in the immutable rollback line; it is not a Core v2 authority.","Frozen v1 behavior remains recoverable and is not imported by the Core v2 runtime.","C1,C2","exact HEAD bc379401fd4d88efc714fb878628cb29e49765d2 AST parse + source/import/inbound scan; representative source review","204","6","0"
"src/ai4s_agent/oled_material_registry_entry_adjudication.py","legacy v1 package","ARCHIVE","none (frozen v1 only)","Retain this v1 implementation in the immutable rollback line; it is not a Core v2 authority.","Frozen v1 behavior remains recoverable and is not imported by the Core v2 runtime.","C1,C2","exact HEAD bc379401fd4d88efc714fb878628cb29e49765d2 AST parse + source/import/inbound scan; representative source review","154","6","0"
"src/ai4s_agent/oled_material_registry_entry_proposal_request.py","legacy v1 package","ARCHIVE","none (frozen v1 only)","Retain this v1 implementation in the immutable rollback line; it is not a Core v2 authority.","Frozen v1 behavior remains recoverable and is not imported by the Core v2 runtime.","C1,C2","exact HEAD bc379401fd4d88efc714fb878628cb29e49765d2 AST parse + source/import/inbound scan; representative source review","214","7","0"
"src/ai4s_agent/oled_material_registry_resolution_request.py","legacy v1 package","ARCHIVE","none (frozen v1 only)","Retain this v1 implementation in the immutable rollback line; it is not a Core v2 authority.","Frozen v1 behavior remains recoverable and is not imported by the Core v2 runtime.","C1,C2","exact HEAD bc379401fd4d88efc714fb878628cb29e49765d2 AST parse + source/import/inbound scan; representative source review","227","6","0"
"src/ai4s_agent/oled_material_registry_successor_postwrite_verifier.py","legacy v1 package","ARCHIVE","none (frozen v1 only)","Retain this v1 implementation in the immutable rollback line; it is not a Core v2 authority.","Frozen v1 behavior remains recoverable and is not imported by the Core v2 runtime.","C1,C2","exact HEAD bc379401fd4d88efc714fb878628cb29e49765d2 AST parse + source/import/inbound scan; representative source review","169","7","0"
"src/ai4s_agent/oled_material_registry_successor_preflight.py","legacy v1 package","ARCHIVE","none (frozen v1 only)","Retain this v1 implementation in the immutable rollback line; it is not a Core v2 authority.","Frozen v1 behavior remains recoverable and is not imported by the Core v2 runtime.","C1,C2","exact HEAD bc379401fd4d88efc714fb878628cb29e49765d2 AST parse + source/import/inbound scan; representative source review","154","7","0"
"src/ai4s_agent/oled_material_registry_successor_writer.py","legacy v1 package","ARCHIVE","none (frozen v1 only)","Retain this v1 implementation in the immutable rollback line; it is not a Core v2 authority.","Frozen v1 behavior remains recoverable and is not imported by the Core v2 runtime.","C1,C2","exact HEAD bc379401fd4d88efc714fb878628cb29e49765d2 AST parse + source/import/inbound scan; representative source review","530","7","0"
"src/ai4s_agent/oled_observation_materialization_candidate.py","legacy v1 package","ARCHIVE","none (frozen v1 only)","Retain this v1 implementation in the immutable rollback line; it is not a Core v2 authority.","Frozen v1 behavior remains recoverable and is not imported by the Core v2 runtime.","C1,C2","exact HEAD bc379401fd4d88efc714fb878628cb29e49765d2 AST parse + source/import/inbound scan; representative source review","227","9","0"
"src/ai4s_agent/oled_observation_staging_preflight.py","legacy v1 package","ARCHIVE","none (frozen v1 only)","Retain this v1 implementation in the immutable rollback line; it is not a Core v2 authority.","Frozen v1 behavior remains recoverable and is not imported by the Core v2 runtime.","C1,C2","exact HEAD bc379401fd4d88efc714fb878628cb29e49765d2 AST parse + source/import/inbound scan; representative source review","173","7","0"
"src/ai4s_agent/oled_real_paper_vertical_run.py","legacy v1 package","ARCHIVE","none (frozen v1 only)","Retain this v1 implementation in the immutable rollback line; it is not a Core v2 authority.","Frozen v1 behavior remains recoverable and is not imported by the Core v2 runtime.","C1,C2","exact HEAD bc379401fd4d88efc714fb878628cb29e49765d2 AST parse + source/import/inbound scan; representative source review","432","18","0"
"src/ai4s_agent/oled_real_phase1_execution.py","legacy v1 package","ARCHIVE","none (frozen v1 only)","Retain this v1 implementation in the immutable rollback line; it is not a Core v2 authority.","Frozen v1 behavior remains recoverable and is not imported by the Core v2 runtime.","C1,C2","exact HEAD bc379401fd4d88efc714fb878628cb29e49765d2 AST parse + source/import/inbound scan; representative source review","641","5","0"
"src/ai4s_agent/oled_registry_candidate_screening.py","legacy v1 package","ARCHIVE","none (frozen v1 only)","Retain this v1 implementation in the immutable rollback line; it is not a Core v2 authority.","Frozen v1 behavior remains recoverable and is not imported by the Core v2 runtime.","C1,C2","exact HEAD bc379401fd4d88efc714fb878628cb29e49765d2 AST parse + source/import/inbound scan; representative source review","1024","11","0"
"src/ai4s_agent/oled_review_adjudication_bridge.py","legacy v1 package","ARCHIVE","none (frozen v1 only)","Retain this v1 implementation in the immutable rollback line; it is not a Core v2 authority.","Frozen v1 behavior remains recoverable and is not imported by the Core v2 runtime.","C1,C2","exact HEAD bc379401fd4d88efc714fb878628cb29e49765d2 AST parse + source/import/inbound scan; representative source review","1022","5","0"
"src/ai4s_agent/oled_review_packet_generator.py","legacy v1 package","ARCHIVE","none (frozen v1 only)","Retain this v1 implementation in the immutable rollback line; it is not a Core v2 authority.","Frozen v1 behavior remains recoverable and is not imported by the Core v2 runtime.","C1,C2","exact HEAD bc379401fd4d88efc714fb878628cb29e49765d2 AST parse + source/import/inbound scan; representative source review","1425","2","0"
"src/ai4s_agent/oled_reviewed_evidence_facet_adjudication.py","legacy v1 package","ARCHIVE","none (frozen v1 only)","Retain this v1 implementation in the immutable rollback line; it is not a Core v2 authority.","Frozen v1 behavior remains recoverable and is not imported by the Core v2 runtime.","C1,C2","exact HEAD bc379401fd4d88efc714fb878628cb29e49765d2 AST parse + source/import/inbound scan; representative source review","153","6","0"
"src/ai4s_agent/oled_reviewed_evidence_facet_review_request.py","legacy v1 package","ARCHIVE","none (frozen v1 only)","Retain this v1 implementation in the immutable rollback line; it is not a Core v2 authority.","Frozen v1 behavior remains recoverable and is not imported by the Core v2 runtime.","C1,C2","exact HEAD bc379401fd4d88efc714fb878628cb29e49765d2 AST parse + source/import/inbound scan; representative source review","137","6","0"
"src/ai4s_agent/oled_reviewed_evidence_ledger_postwrite_verifier.py","legacy v1 package","ARCHIVE","none (frozen v1 only)","Retain this v1 implementation in the immutable rollback line; it is not a Core v2 authority.","Frozen v1 behavior remains recoverable and is not imported by the Core v2 runtime.","C1,C2","exact HEAD bc379401fd4d88efc714fb878628cb29e49765d2 AST parse + source/import/inbound scan; representative source review","167","7","0"
"src/ai4s_agent/oled_reviewed_evidence_ledger_writer.py","legacy v1 package","ARCHIVE","none (frozen v1 only)","Retain this v1 implementation in the immutable rollback line; it is not a Core v2 authority.","Frozen v1 behavior remains recoverable and is not imported by the Core v2 runtime.","C1,C2","exact HEAD bc379401fd4d88efc714fb878628cb29e49765d2 AST parse + source/import/inbound scan; representative source review","507","6","0"
"src/ai4s_agent/oled_reviewed_evidence_staging_preflight.py","legacy v1 package","ARCHIVE","none (frozen v1 only)","Retain this v1 implementation in the immutable rollback line; it is not a Core v2 authority.","Frozen v1 behavior remains recoverable and is not imported by the Core v2 runtime.","C1,C2","exact HEAD bc379401fd4d88efc714fb878628cb29e49765d2 AST parse + source/import/inbound scan; representative source review","158","6","0"
"src/ai4s_agent/oled_scientific_agent_source_evidence.py","scientific evidence projection","MIGRATE","src/molly/evidence/","Retain source-backed evidence packaging without v1 trajectory or publication authority.","Evidence packets identify exact source locators, input artifact digests, and claim boundaries.","CORE-05","exact HEAD bc379401fd4d88efc714fb878628cb29e49765d2 AST parse + source/import/inbound scan; representative source review","1162","2","0"
"src/ai4s_agent/oled_scientific_agent_trajectory_audit_metrics.py","legacy v1 package","ARCHIVE","none (frozen v1 only)","Retain this v1 implementation in the immutable rollback line; it is not a Core v2 authority.","Frozen v1 behavior remains recoverable and is not imported by the Core v2 runtime.","C1,C2","exact HEAD bc379401fd4d88efc714fb878628cb29e49765d2 AST parse + source/import/inbound scan; representative source review","1089","7","0"
"src/ai4s_agent/oled_scientific_agent_trajectory_failure_attribution.py","legacy v1 package","ARCHIVE","none (frozen v1 only)","Retain this v1 implementation in the immutable rollback line; it is not a Core v2 authority.","Frozen v1 behavior remains recoverable and is not imported by the Core v2 runtime.","C1,C2","exact HEAD bc379401fd4d88efc714fb878628cb29e49765d2 AST parse + source/import/inbound scan; representative source review","1477","8","0"
"src/ai4s_agent/oled_scientific_agent_trajectory_inspection.py","legacy v1 package","ARCHIVE","none (frozen v1 only)","Retain this v1 implementation in the immutable rollback line; it is not a Core v2 authority.","Frozen v1 behavior remains recoverable and is not imported by the Core v2 runtime.","C1,C2","exact HEAD bc379401fd4d88efc714fb878628cb29e49765d2 AST parse + source/import/inbound scan; representative source review","872","2","0"
"src/ai4s_agent/oled_scientific_agent_trajectory_projection.py","legacy v1 package","ARCHIVE","none (frozen v1 only)","Retain this v1 implementation in the immutable rollback line; it is not a Core v2 authority.","Frozen v1 behavior remains recoverable and is not imported by the Core v2 runtime.","C1,C2","exact HEAD bc379401fd4d88efc714fb878628cb29e49765d2 AST parse + source/import/inbound scan; representative source review","1447","12","0"
"src/ai4s_agent/oled_scientific_agent_trajectory_verifier.py","legacy v1 package","ARCHIVE","none (frozen v1 only)","Retain this v1 implementation in the immutable rollback line; it is not a Core v2 authority.","Frozen v1 behavior remains recoverable and is not imported by the Core v2 runtime.","C1,C2","exact HEAD bc379401fd4d88efc714fb878628cb29e49765d2 AST parse + source/import/inbound scan; representative source review","334","4","0"
"src/ai4s_agent/oled_supplementary_evidence_recovery.py","legacy v1 package","ARCHIVE","none (frozen v1 only)","Retain this v1 implementation in the immutable rollback line; it is not a Core v2 authority.","Frozen v1 behavior remains recoverable and is not imported by the Core v2 runtime.","C1,C2","exact HEAD bc379401fd4d88efc714fb878628cb29e49765d2 AST parse + source/import/inbound scan; representative source review","210","4","0"
"src/ai4s_agent/oled_supplementary_locator_adjudication.py","legacy v1 package","ARCHIVE","none (frozen v1 only)","Retain this v1 implementation in the immutable rollback line; it is not a Core v2 authority.","Frozen v1 behavior remains recoverable and is not imported by the Core v2 runtime.","C1,C2","exact HEAD bc379401fd4d88efc714fb878628cb29e49765d2 AST parse + source/import/inbound scan; representative source review","248","3","0"
"src/ai4s_agent/oled_supplementary_locator_review.py","legacy v1 package","ARCHIVE","none (frozen v1 only)","Retain this v1 implementation in the immutable rollback line; it is not a Core v2 authority.","Frozen v1 behavior remains recoverable and is not imported by the Core v2 runtime.","C1,C2","exact HEAD bc379401fd4d88efc714fb878628cb29e49765d2 AST parse + source/import/inbound scan; representative source review","385","4","0"
"src/ai4s_agent/oled_supplementary_material_identity_candidate_request.py","legacy v1 package","ARCHIVE","none (frozen v1 only)","Retain this v1 implementation in the immutable rollback line; it is not a Core v2 authority.","Frozen v1 behavior remains recoverable and is not imported by the Core v2 runtime.","C1,C2","exact HEAD bc379401fd4d88efc714fb878628cb29e49765d2 AST parse + source/import/inbound scan; representative source review","366","7","0"
"src/ai4s_agent/oled_supplementary_material_identity_evidence_response.py","legacy v1 package","ARCHIVE","none (frozen v1 only)","Retain this v1 implementation in the immutable rollback line; it is not a Core v2 authority.","Frozen v1 behavior remains recoverable and is not imported by the Core v2 runtime.","C1,C2","exact HEAD bc379401fd4d88efc714fb878628cb29e49765d2 AST parse + source/import/inbound scan; representative source review","181","5","0"
"src/ai4s_agent/oled_supplementary_material_identity_review.py","legacy v1 package","ARCHIVE","none (frozen v1 only)","Retain this v1 implementation in the immutable rollback line; it is not a Core v2 authority.","Frozen v1 behavior remains recoverable and is not imported by the Core v2 runtime.","C1,C2","exact HEAD bc379401fd4d88efc714fb878628cb29e49765d2 AST parse + source/import/inbound scan; representative source review","1144","7","0"
"src/ai4s_agent/oled_supplementary_mineru_execution.py","legacy v1 package","ARCHIVE","none (frozen v1 only)","Retain this v1 implementation in the immutable rollback line; it is not a Core v2 authority.","Frozen v1 behavior remains recoverable and is not imported by the Core v2 runtime.","C1,C2","exact HEAD bc379401fd4d88efc714fb878628cb29e49765d2 AST parse + source/import/inbound scan; representative source review","723","10","0"
"src/ai4s_agent/oled_supplementary_parser_preflight.py","legacy v1 package","ARCHIVE","none (frozen v1 only)","Retain this v1 implementation in the immutable rollback line; it is not a Core v2 authority.","Frozen v1 behavior remains recoverable and is not imported by the Core v2 runtime.","C1,C2","exact HEAD bc379401fd4d88efc714fb878628cb29e49765d2 AST parse + source/import/inbound scan; representative source review","300","4","0"
"src/ai4s_agent/oled_supplementary_scoped_candidate_request.py","legacy v1 package","ARCHIVE","none (frozen v1 only)","Retain this v1 implementation in the immutable rollback line; it is not a Core v2 authority.","Frozen v1 behavior remains recoverable and is not imported by the Core v2 runtime.","C1,C2","exact HEAD bc379401fd4d88efc714fb878628cb29e49765d2 AST parse + source/import/inbound scan; representative source review","259","4","0"
"src/ai4s_agent/oled_supplementary_scoped_candidate_response.py","legacy v1 package","ARCHIVE","none (frozen v1 only)","Retain this v1 implementation in the immutable rollback line; it is not a Core v2 authority.","Frozen v1 behavior remains recoverable and is not imported by the Core v2 runtime.","C1,C2","exact HEAD bc379401fd4d88efc714fb878628cb29e49765d2 AST parse + source/import/inbound scan; representative source review","440","3","0"
"src/ai4s_agent/oled_supplementary_semantic_review.py","legacy v1 package","ARCHIVE","none (frozen v1 only)","Retain this v1 implementation in the immutable rollback line; it is not a Core v2 authority.","Frozen v1 behavior remains recoverable and is not imported by the Core v2 runtime.","C1,C2","exact HEAD bc379401fd4d88efc714fb878628cb29e49765d2 AST parse + source/import/inbound scan; representative source review","306","5","0"
"src/ai4s_agent/oled_supplementary_source_intake.py","legacy v1 package","ARCHIVE","none (frozen v1 only)","Retain this v1 implementation in the immutable rollback line; it is not a Core v2 authority.","Frozen v1 behavior remains recoverable and is not imported by the Core v2 runtime.","C1,C2","exact HEAD bc379401fd4d88efc714fb878628cb29e49765d2 AST parse + source/import/inbound scan; representative source review","275","3","0"
"src/ai4s_agent/oled_supplementary_source_transcription_review.py","legacy v1 package","ARCHIVE","none (frozen v1 only)","Retain this v1 implementation in the immutable rollback line; it is not a Core v2 authority.","Frozen v1 behavior remains recoverable and is not imported by the Core v2 runtime.","C1,C2","exact HEAD bc379401fd4d88efc714fb878628cb29e49765d2 AST parse + source/import/inbound scan; representative source review","2438","6","0"
"src/ai4s_agent/orchestrator.py","v1 controller, replanner, and recovery","ARCHIVE","none (frozen v1 only)","Archive the v1 controller/replanner/recovery authority stack; AgentLoop and RunLedger are the only future execution concepts.","No controller, replanner, autonomous recovery, or second state machine is imported by Core v2.","C1,C2","exact HEAD bc379401fd4d88efc714fb878628cb29e49765d2 AST parse + source/import/inbound scan; representative source review","73","5","0"
"src/ai4s_agent/phase1_candidate_ranker.py","BR1 scientific integration","PLUGIN","plugins/br1_inverse_design/","BR1 preparation, model, generation, prediction, and evaluation remain optional plugin capabilities governed by the parity contract.","Fresh/current-run model and generation lineage is required; no historical artifact satisfies a fresh-real claim.","CORE-06","exact HEAD bc379401fd4d88efc714fb878628cb29e49765d2 AST parse + source/import/inbound scan; representative source review","148","3","0"
"src/ai4s_agent/phase1_report_generator.py","BR1 scientific integration","PLUGIN","plugins/br1_inverse_design/","BR1 preparation, model, generation, prediction, and evaluation remain optional plugin capabilities governed by the parity contract.","Fresh/current-run model and generation lineage is required; no historical artifact satisfies a fresh-real claim.","CORE-06","exact HEAD bc379401fd4d88efc714fb878628cb29e49765d2 AST parse + source/import/inbound scan; representative source review","149","2","0"
"src/ai4s_agent/phase1_training_orchestrator.py","BR1 scientific integration","PLUGIN","plugins/br1_inverse_design/","BR1 preparation, model, generation, prediction, and evaluation remain optional plugin capabilities governed by the parity contract.","Fresh/current-run model and generation lineage is required; no historical artifact satisfies a fresh-real claim.","CORE-06","exact HEAD bc379401fd4d88efc714fb878628cb29e49765d2 AST parse + source/import/inbound scan; representative source review","284","4","0"
"src/ai4s_agent/phase3_corpus_extractor.py","literature-to-dataset integration","MIGRATE","src/molly/acquisition/; src/molly/documents/; src/molly/evidence/","Retain pure source normalization and deterministic evidence extraction while removing phase orchestration and v1 authority.","Document and dataset artifacts retain source locator, content digest, and claim-level provenance.","CORE-03,CORE-04,CORE-05","exact HEAD bc379401fd4d88efc714fb878628cb29e49765d2 AST parse + source/import/inbound scan; representative source review","305","7","0"
"src/ai4s_agent/phase3_executor.py","literature-to-dataset integration","MIGRATE","src/molly/acquisition/; src/molly/documents/; src/molly/evidence/","Retain pure source normalization and deterministic evidence extraction while removing phase orchestration and v1 authority.","Document and dataset artifacts retain source locator, content digest, and claim-level provenance.","CORE-03,CORE-04,CORE-05","exact HEAD bc379401fd4d88efc714fb878628cb29e49765d2 AST parse + source/import/inbound scan; representative source review","459","1","0"
"src/ai4s_agent/phase3_scientific_extractor.py","literature-to-dataset integration","MIGRATE","src/molly/acquisition/; src/molly/documents/; src/molly/evidence/","Retain pure source normalization and deterministic evidence extraction while removing phase orchestration and v1 authority.","Document and dataset artifacts retain source locator, content digest, and claim-level provenance.","CORE-03,CORE-04,CORE-05","exact HEAD bc379401fd4d88efc714fb878628cb29e49765d2 AST parse + source/import/inbound scan; representative source review","485","6","0"
"src/ai4s_agent/phase3_to_phase1_bridge.py","literature-to-dataset integration","MIGRATE","src/molly/acquisition/; src/molly/documents/; src/molly/evidence/","Retain pure source normalization and deterministic evidence extraction while removing phase orchestration and v1 authority.","Document and dataset artifacts retain source locator, content digest, and claim-level provenance.","CORE-03,CORE-04,CORE-05","exact HEAD bc379401fd4d88efc714fb878628cb29e49765d2 AST parse + source/import/inbound scan; representative source review","250","3","0"
"src/ai4s_agent/planner.py","v1 controller, replanner, and recovery","ARCHIVE","none (frozen v1 only)","Archive the v1 controller/replanner/recovery authority stack; AgentLoop and RunLedger are the only future execution concepts.","No controller, replanner, autonomous recovery, or second state machine is imported by Core v2.","C1,C2","exact HEAD bc379401fd4d88efc714fb878628cb29e49765d2 AST parse + source/import/inbound scan; representative source review","2348","1","0"
"src/ai4s_agent/profiles.py","runtime and provider profiles","SIMPLIFY","src/molly/core/config.py; src/molly/llm/profiles.py","Retain logical, server-owned profiles while removing v1 authority and environment coupling.","Profiles reference capabilities and credentials without exposing secrets or selecting hidden authority.","CORE-02,CORE-03","exact HEAD bc379401fd4d88efc714fb878628cb29e49765d2 AST parse + source/import/inbound scan; representative source review","49","1","0"
"src/ai4s_agent/project_job_routes.py","application and UI projection","DEFER","optional src/molly/api.py; src/molly/cli.py","Application, project, and UI surfaces are deferred until bounded contracts stabilize.","UI/API failure or absence cannot alter Core facts or approvals.","after CORE-07","exact HEAD bc379401fd4d88efc714fb878628cb29e49765d2 AST parse + source/import/inbound scan; representative source review","415","8","0"
"src/ai4s_agent/project_memory_permissions.py","v1 authority and autonomy","ARCHIVE","none (frozen v1 only)","Freeze the v1 permission, authority-relation, autonomy-level, and lease stack outside Core v2.","Core v2 uses explicit RunRequest, closed ToolPolicy, and digest-bound approvals only.","C1,C2","exact HEAD bc379401fd4d88efc714fb878628cb29e49765d2 AST parse + source/import/inbound scan; representative source review","202","7","0"
"src/ai4s_agent/project_plan_guard.py","application and UI projection","DEFER","optional src/molly/api.py; src/molly/cli.py","Application, project, and UI surfaces are deferred until bounded contracts stabilize.","UI/API failure or absence cannot alter Core facts or approvals.","after CORE-07","exact HEAD bc379401fd4d88efc714fb878628cb29e49765d2 AST parse + source/import/inbound scan; representative source review","66","2","0"
"src/ai4s_agent/project_plan_routes.py","application and UI projection","DEFER","optional src/molly/api.py; src/molly/cli.py","Application, project, and UI surfaces are deferred until bounded contracts stabilize.","UI/API failure or absence cannot alter Core facts or approvals.","after CORE-07","exact HEAD bc379401fd4d88efc714fb878628cb29e49765d2 AST parse + source/import/inbound scan; representative source review","172","9","0"
"src/ai4s_agent/project_scoped_jobs.py","application and UI projection","DEFER","optional src/molly/api.py; src/molly/cli.py","Application, project, and UI surfaces are deferred until bounded contracts stabilize.","UI/API failure or absence cannot alter Core facts or approvals.","after CORE-07","exact HEAD bc379401fd4d88efc714fb878628cb29e49765d2 AST parse + source/import/inbound scan; representative source review","314","3","0"
"src/ai4s_agent/provenance/__init__.py","legacy package boundary","ARCHIVE","none (frozen v1 only)","Package initialization has no independent Core v2 contract or authority.","Core v2 does not depend on legacy package initialization side effects.","C1,C2","exact HEAD bc379401fd4d88efc714fb878628cb29e49765d2 AST parse + source/import/inbound scan; representative source review","12","3","0"
"src/ai4s_agent/provenance/artifact_registry.py","provenance and artifact identity","MIGRATE","src/molly/core/artifacts.py; src/molly/core/lineage.py","Retain content identity, digest binding, source provenance, and lineage primitives while removing v1 publication and authority coupling.","Artifact identity is SHA-256 based and provenance/lineage remain bound to immutable content.","CORE-01","exact HEAD bc379401fd4d88efc714fb878628cb29e49765d2 AST parse + source/import/inbound scan; representative source review","39","1","2"
"src/ai4s_agent/provenance/execution_binding.py","provenance and artifact identity","MIGRATE","src/molly/core/artifacts.py; src/molly/core/lineage.py","Retain content identity, digest binding, source provenance, and lineage primitives while removing v1 publication and authority coupling.","Artifact identity is SHA-256 based and provenance/lineage remain bound to immutable content.","CORE-01","exact HEAD bc379401fd4d88efc714fb878628cb29e49765d2 AST parse + source/import/inbound scan; representative source review","126","3","3"
"src/ai4s_agent/provenance/hash_linker.py","provenance and artifact identity","MIGRATE","src/molly/core/artifacts.py; src/molly/core/lineage.py","Retain content identity, digest binding, source provenance, and lineage primitives while removing v1 publication and authority coupling.","Artifact identity is SHA-256 based and provenance/lineage remain bound to immutable content.","CORE-01","exact HEAD bc379401fd4d88efc714fb878628cb29e49765d2 AST parse + source/import/inbound scan; representative source review","14","0","1"
"src/ai4s_agent/provenance/provenance_graph.py","provenance and artifact identity","MIGRATE","src/molly/core/artifacts.py; src/molly/core/lineage.py","Retain content identity, digest binding, source provenance, and lineage primitives while removing v1 publication and authority coupling.","Artifact identity is SHA-256 based and provenance/lineage remain bound to immutable content.","CORE-01","exact HEAD bc379401fd4d88efc714fb878628cb29e49765d2 AST parse + source/import/inbound scan; representative source review","109","5","1"
"src/ai4s_agent/remote_execution_lifecycle.py","remote and worker execution","PLUGIN","plugins/remote_compute/","Remote submit/inspect/collect and worker lifecycle behavior remains an optional durable compute plugin.","Remote jobs are idempotent, restart-safe, server-credentialed, and never mandatory for Core/minimal.","CORE-06","exact HEAD bc379401fd4d88efc714fb878628cb29e49765d2 AST parse + source/import/inbound scan; representative source review","784","5","0"
"src/ai4s_agent/remote_execution_service.py","remote and worker execution","PLUGIN","plugins/remote_compute/","Remote submit/inspect/collect and worker lifecycle behavior remains an optional durable compute plugin.","Remote jobs are idempotent, restart-safe, server-credentialed, and never mandatory for Core/minimal.","CORE-06","exact HEAD bc379401fd4d88efc714fb878628cb29e49765d2 AST parse + source/import/inbound scan; representative source review","1347","8","0"
"src/ai4s_agent/remote_execution_storage.py","remote and worker execution","PLUGIN","plugins/remote_compute/","Remote submit/inspect/collect and worker lifecycle behavior remains an optional durable compute plugin.","Remote jobs are idempotent, restart-safe, server-credentialed, and never mandatory for Core/minimal.","CORE-06","exact HEAD bc379401fd4d88efc714fb878628cb29e49765d2 AST parse + source/import/inbound scan; representative source review","783","0","0"
"src/ai4s_agent/remote_output_contracts.py","remote and worker execution","PLUGIN","plugins/remote_compute/","Remote submit/inspect/collect and worker lifecycle behavior remains an optional durable compute plugin.","Remote jobs are idempotent, restart-safe, server-credentialed, and never mandatory for Core/minimal.","CORE-06","exact HEAD bc379401fd4d88efc714fb878628cb29e49765d2 AST parse + source/import/inbound scan; representative source review","433","1","0"
"src/ai4s_agent/remote_resource_authority.py","remote resource authority","ARCHIVE","none (frozen v1 only)","The v1 remote authority graph is frozen; only server-owned logical compute profiles may inform a future plugin.","Remote credentials and host policy never enter model-visible data or Core authority.","C1,C2","exact HEAD bc379401fd4d88efc714fb878628cb29e49765d2 AST parse + source/import/inbound scan; representative source review","1240","7","0"
"src/ai4s_agent/remote_worker.py","remote and worker execution","PLUGIN","plugins/remote_compute/","Remote submit/inspect/collect and worker lifecycle behavior remains an optional durable compute plugin.","Remote jobs are idempotent, restart-safe, server-credentialed, and never mandatory for Core/minimal.","CORE-06","exact HEAD bc379401fd4d88efc714fb878628cb29e49765d2 AST parse + source/import/inbound scan; representative source review","158","2","0"
"src/ai4s_agent/resource_profiles.py","runtime and provider profiles","SIMPLIFY","src/molly/core/config.py; src/molly/llm/profiles.py","Retain logical, server-owned profiles while removing v1 authority and environment coupling.","Profiles reference capabilities and credentials without exposing secrets or selecting hidden authority.","CORE-02,CORE-03","exact HEAD bc379401fd4d88efc714fb878628cb29e49765d2 AST parse + source/import/inbound scan; representative source review","1726","2","0"
"src/ai4s_agent/routes/__init__.py","legacy package boundary","ARCHIVE","none (frozen v1 only)","Package initialization has no independent Core v2 contract or authority.","Core v2 does not depend on legacy package initialization side effects.","C1,C2","exact HEAD bc379401fd4d88efc714fb878628cb29e49765d2 AST parse + source/import/inbound scan; representative source review","1","0","0"
"src/ai4s_agent/routes/agent_run_inspection.py","API and route projection","DEFER","optional src/molly/api.py and src/molly/cli.py","HTTP and UI projections remain outside the Core v2 critical path until contracts and read-only projections stabilize.","Core acceptance can run without routes, UI state, or conversation storage.","after CORE-07","exact HEAD bc379401fd4d88efc714fb878628cb29e49765d2 AST parse + source/import/inbound scan; representative source review","70","3","0"
"src/ai4s_agent/routes/agents.py","API and route projection","DEFER","optional src/molly/api.py and src/molly/cli.py","HTTP and UI projections remain outside the Core v2 critical path until contracts and read-only projections stabilize.","Core acceptance can run without routes, UI state, or conversation storage.","after CORE-07","exact HEAD bc379401fd4d88efc714fb878628cb29e49765d2 AST parse + source/import/inbound scan; representative source review","900","16","0"
"src/ai4s_agent/routes/control_plane_events.py","API and route projection","DEFER","optional src/molly/api.py and src/molly/cli.py","HTTP and UI projections remain outside the Core v2 critical path until contracts and read-only projections stabilize.","Core acceptance can run without routes, UI state, or conversation storage.","after CORE-07","exact HEAD bc379401fd4d88efc714fb878628cb29e49765d2 AST parse + source/import/inbound scan; representative source review","137","2","0"
"src/ai4s_agent/routes/conversations.py","API and route projection","DEFER","optional src/molly/api.py and src/molly/cli.py","HTTP and UI projections remain outside the Core v2 critical path until contracts and read-only projections stabilize.","Core acceptance can run without routes, UI state, or conversation storage.","after CORE-07","exact HEAD bc379401fd4d88efc714fb878628cb29e49765d2 AST parse + source/import/inbound scan; representative source review","252","1","0"
"src/ai4s_agent/routes/core.py","API and route projection","DEFER","optional src/molly/api.py and src/molly/cli.py","HTTP and UI projections remain outside the Core v2 critical path until contracts and read-only projections stabilize.","Core acceptance can run without routes, UI state, or conversation storage.","after CORE-07","exact HEAD bc379401fd4d88efc714fb878628cb29e49765d2 AST parse + source/import/inbound scan; representative source review","24","1","0"
"src/ai4s_agent/routes/datasets.py","API and route projection","DEFER","optional src/molly/api.py and src/molly/cli.py","HTTP and UI projections remain outside the Core v2 critical path until contracts and read-only projections stabilize.","Core acceptance can run without routes, UI state, or conversation storage.","after CORE-07","exact HEAD bc379401fd4d88efc714fb878628cb29e49765d2 AST parse + source/import/inbound scan; representative source review","96","1","0"
"src/ai4s_agent/routes/execution_agent.py","API and route projection","DEFER","optional src/molly/api.py and src/molly/cli.py","HTTP and UI projections remain outside the Core v2 critical path until contracts and read-only projections stabilize.","Core acceptance can run without routes, UI state, or conversation storage.","after CORE-07","exact HEAD bc379401fd4d88efc714fb878628cb29e49765d2 AST parse + source/import/inbound scan; representative source review","599","8","0"
"src/ai4s_agent/routes/internal_run_plan_queue.py","API and route projection","DEFER","optional src/molly/api.py and src/molly/cli.py","HTTP and UI projections remain outside the Core v2 critical path until contracts and read-only projections stabilize.","Core acceptance can run without routes, UI state, or conversation storage.","after CORE-07","exact HEAD bc379401fd4d88efc714fb878628cb29e49765d2 AST parse + source/import/inbound scan; representative source review","1323","18","0"
"src/ai4s_agent/routes/jobs.py","API and route projection","DEFER","optional src/molly/api.py and src/molly/cli.py","HTTP and UI projections remain outside the Core v2 critical path until contracts and read-only projections stabilize.","Core acceptance can run without routes, UI state, or conversation storage.","after CORE-07","exact HEAD bc379401fd4d88efc714fb878628cb29e49765d2 AST parse + source/import/inbound scan; representative source review","235","5","0"
"src/ai4s_agent/routes/legacy_plan.py","API and route projection","DEFER","optional src/molly/api.py and src/molly/cli.py","HTTP and UI projections remain outside the Core v2 critical path until contracts and read-only projections stabilize.","Core acceptance can run without routes, UI state, or conversation storage.","after CORE-07","exact HEAD bc379401fd4d88efc714fb878628cb29e49765d2 AST parse + source/import/inbound scan; representative source review","28","2","0"
"src/ai4s_agent/routes/literature_intakes.py","API and route projection","DEFER","optional src/molly/api.py and src/molly/cli.py","HTTP and UI projections remain outside the Core v2 critical path until contracts and read-only projections stabilize.","Core acceptance can run without routes, UI state, or conversation storage.","after CORE-07","exact HEAD bc379401fd4d88efc714fb878628cb29e49765d2 AST parse + source/import/inbound scan; representative source review","91","1","0"
"src/ai4s_agent/routes/llm_settings.py","API and route projection","DEFER","optional src/molly/api.py and src/molly/cli.py","HTTP and UI projections remain outside the Core v2 critical path until contracts and read-only projections stabilize.","Core acceptance can run without routes, UI state, or conversation storage.","after CORE-07","exact HEAD bc379401fd4d88efc714fb878628cb29e49765d2 AST parse + source/import/inbound scan; representative source review","110","2","0"
"src/ai4s_agent/routes/oled_bounded_sessions.py","API and route projection","DEFER","optional src/molly/api.py and src/molly/cli.py","HTTP and UI projections remain outside the Core v2 critical path until contracts and read-only projections stabilize.","Core acceptance can run without routes, UI state, or conversation storage.","after CORE-07","exact HEAD bc379401fd4d88efc714fb878628cb29e49765d2 AST parse + source/import/inbound scan; representative source review","332","6","0"
"src/ai4s_agent/routes/project_assets.py","API and route projection","DEFER","optional src/molly/api.py and src/molly/cli.py","HTTP and UI projections remain outside the Core v2 critical path until contracts and read-only projections stabilize.","Core acceptance can run without routes, UI state, or conversation storage.","after CORE-07","exact HEAD bc379401fd4d88efc714fb878628cb29e49765d2 AST parse + source/import/inbound scan; representative source review","267","4","0"
"src/ai4s_agent/routes/project_runs.py","API and route projection","DEFER","optional src/molly/api.py and src/molly/cli.py","HTTP and UI projections remain outside the Core v2 critical path until contracts and read-only projections stabilize.","Core acceptance can run without routes, UI state, or conversation storage.","after CORE-07","exact HEAD bc379401fd4d88efc714fb878628cb29e49765d2 AST parse + source/import/inbound scan; representative source review","87","6","0"
"src/ai4s_agent/routes/projects.py","API and route projection","DEFER","optional src/molly/api.py and src/molly/cli.py","HTTP and UI projections remain outside the Core v2 critical path until contracts and read-only projections stabilize.","Core acceptance can run without routes, UI state, or conversation storage.","after CORE-07","exact HEAD bc379401fd4d88efc714fb878628cb29e49765d2 AST parse + source/import/inbound scan; representative source review","206","4","0"
"src/ai4s_agent/routes/remote_executions.py","API and route projection","DEFER","optional src/molly/api.py and src/molly/cli.py","HTTP and UI projections remain outside the Core v2 critical path until contracts and read-only projections stabilize.","Core acceptance can run without routes, UI state, or conversation storage.","after CORE-07","exact HEAD bc379401fd4d88efc714fb878628cb29e49765d2 AST parse + source/import/inbound scan; representative source review","114","1","0"
"src/ai4s_agent/routes/remote_resource_authorities.py","API and route projection","DEFER","optional src/molly/api.py and src/molly/cli.py","HTTP and UI projections remain outside the Core v2 critical path until contracts and read-only projections stabilize.","Core acceptance can run without routes, UI state, or conversation storage.","after CORE-07","exact HEAD bc379401fd4d88efc714fb878628cb29e49765d2 AST parse + source/import/inbound scan; representative source review","224","4","0"
"src/ai4s_agent/routes/review.py","API and route projection","DEFER","optional src/molly/api.py and src/molly/cli.py","HTTP and UI projections remain outside the Core v2 critical path until contracts and read-only projections stabilize.","Core acceptance can run without routes, UI state, or conversation storage.","after CORE-07","exact HEAD bc379401fd4d88efc714fb878628cb29e49765d2 AST parse + source/import/inbound scan; representative source review","55","2","0"
"src/ai4s_agent/routes/run_control.py","API and route projection","DEFER","optional src/molly/api.py and src/molly/cli.py","HTTP and UI projections remain outside the Core v2 critical path until contracts and read-only projections stabilize.","Core acceptance can run without routes, UI state, or conversation storage.","after CORE-07","exact HEAD bc379401fd4d88efc714fb878628cb29e49765d2 AST parse + source/import/inbound scan; representative source review","334","10","0"
"src/ai4s_agent/routes/run_plans.py","API and route projection","DEFER","optional src/molly/api.py and src/molly/cli.py","HTTP and UI projections remain outside the Core v2 critical path until contracts and read-only projections stabilize.","Core acceptance can run without routes, UI state, or conversation storage.","after CORE-07","exact HEAD bc379401fd4d88efc714fb878628cb29e49765d2 AST parse + source/import/inbound scan; representative source review","403","11","0"
"src/ai4s_agent/routes/scientific_agent_conversation.py","API and route projection","DEFER","optional src/molly/api.py and src/molly/cli.py","HTTP and UI projections remain outside the Core v2 critical path until contracts and read-only projections stabilize.","Core acceptance can run without routes, UI state, or conversation storage.","after CORE-07","exact HEAD bc379401fd4d88efc714fb878628cb29e49765d2 AST parse + source/import/inbound scan; representative source review","816","10","0"
"src/ai4s_agent/routes/scientific_agent_harness_controller.py","v1 authority route","ARCHIVE","none (frozen v1 only)","Route wrapper exposes v1 permission, controller, or replanner authority and is retained only for rollback.","No v1 authority, controller, or replanner route is part of the Core v2 execution path.","C1,C2","exact HEAD bc379401fd4d88efc714fb878628cb29e49765d2 AST parse + source/import/inbound scan; representative source review","255","3","0"
"src/ai4s_agent/routes/scientific_agent_permissions.py","v1 authority route","ARCHIVE","none (frozen v1 only)","Route wrapper exposes v1 permission, controller, or replanner authority and is retained only for rollback.","No v1 authority, controller, or replanner route is part of the Core v2 execution path.","C1,C2","exact HEAD bc379401fd4d88efc714fb878628cb29e49765d2 AST parse + source/import/inbound scan; representative source review","441","10","0"
"src/ai4s_agent/routes/scientific_agent_plans.py","API and route projection","DEFER","optional src/molly/api.py and src/molly/cli.py","HTTP and UI projections remain outside the Core v2 critical path until contracts and read-only projections stabilize.","Core acceptance can run without routes, UI state, or conversation storage.","after CORE-07","exact HEAD bc379401fd4d88efc714fb878628cb29e49765d2 AST parse + source/import/inbound scan; representative source review","175","7","0"
"src/ai4s_agent/routes/scientific_agent_replanner.py","v1 authority route","ARCHIVE","none (frozen v1 only)","Route wrapper exposes v1 permission, controller, or replanner authority and is retained only for rollback.","No v1 authority, controller, or replanner route is part of the Core v2 execution path.","C1,C2","exact HEAD bc379401fd4d88efc714fb878628cb29e49765d2 AST parse + source/import/inbound scan; representative source review","253","6","0"
"src/ai4s_agent/routes/worker_deployment.py","API and route projection","DEFER","optional src/molly/api.py and src/molly/cli.py","HTTP and UI projections remain outside the Core v2 critical path until contracts and read-only projections stabilize.","Core acceptance can run without routes, UI state, or conversation storage.","after CORE-07","exact HEAD bc379401fd4d88efc714fb878628cb29e49765d2 AST parse + source/import/inbound scan; representative source review","277","6","0"
"src/ai4s_agent/run_pdf_to_dataset.py","literature-to-dataset integration","MIGRATE","src/molly/acquisition/; src/molly/documents/; src/molly/evidence/","Retain pure source normalization and deterministic evidence extraction while removing phase orchestration and v1 authority.","Document and dataset artifacts retain source locator, content digest, and claim-level provenance.","CORE-03,CORE-04,CORE-05","exact HEAD bc379401fd4d88efc714fb878628cb29e49765d2 AST parse + source/import/inbound scan; representative source review","463","6","0"
"src/ai4s_agent/run_plan_artifact_verifier.py","v1 run-plan, queue, review, and replan","REFERENCE_ONLY","docs/v2/evidence/ and future inspection tests","Run-plan verification and review artifacts are useful historical evidence, not Core v2 runtime authority.","Evidence references exact inputs and digests and cannot authorize execution by itself.","C1,C6","exact HEAD bc379401fd4d88efc714fb878628cb29e49765d2 AST parse + source/import/inbound scan; representative source review","611","4","0"
"src/ai4s_agent/run_plan_execute_canary_policy.py","v1 run-plan, queue, review, and replan","ARCHIVE","none (frozen v1 only)","Run-plan queue, resume, replan, and task-runner layers are frozen with v1 and replaced by bounded RunRequest/RunLedger semantics.","Core v2 has no independent replan, queue, resume-intent, or task-runner authority.","C1,C2","exact HEAD bc379401fd4d88efc714fb878628cb29e49765d2 AST parse + source/import/inbound scan; representative source review","42","1","0"
"src/ai4s_agent/run_plan_queue.py","v1 run-plan, queue, review, and replan","ARCHIVE","none (frozen v1 only)","Run-plan queue, resume, replan, and task-runner layers are frozen with v1 and replaced by bounded RunRequest/RunLedger semantics.","Core v2 has no independent replan, queue, resume-intent, or task-runner authority.","C1,C2","exact HEAD bc379401fd4d88efc714fb878628cb29e49765d2 AST parse + source/import/inbound scan; representative source review","117","2","0"
"src/ai4s_agent/run_plan_queue_cli.py","v1 run-plan, queue, review, and replan","ARCHIVE","none (frozen v1 only)","Run-plan queue, resume, replan, and task-runner layers are frozen with v1 and replaced by bounded RunRequest/RunLedger semantics.","Core v2 has no independent replan, queue, resume-intent, or task-runner authority.","C1,C2","exact HEAD bc379401fd4d88efc714fb878628cb29e49765d2 AST parse + source/import/inbound scan; representative source review","112","5","0"
"src/ai4s_agent/run_plan_queue_lifecycle.py","v1 run-plan, queue, review, and replan","ARCHIVE","none (frozen v1 only)","Run-plan queue, resume, replan, and task-runner layers are frozen with v1 and replaced by bounded RunRequest/RunLedger semantics.","Core v2 has no independent replan, queue, resume-intent, or task-runner authority.","C1,C2","exact HEAD bc379401fd4d88efc714fb878628cb29e49765d2 AST parse + source/import/inbound scan; representative source review","167","1","0"
"src/ai4s_agent/run_plan_queue_retry.py","v1 run-plan, queue, review, and replan","ARCHIVE","none (frozen v1 only)","Run-plan queue, resume, replan, and task-runner layers are frozen with v1 and replaced by bounded RunRequest/RunLedger semantics.","Core v2 has no independent replan, queue, resume-intent, or task-runner authority.","C1,C2","exact HEAD bc379401fd4d88efc714fb878628cb29e49765d2 AST parse + source/import/inbound scan; representative source review","36","3","0"
"src/ai4s_agent/run_plan_queue_service.py","v1 run-plan, queue, review, and replan","ARCHIVE","none (frozen v1 only)","Run-plan queue, resume, replan, and task-runner layers are frozen with v1 and replaced by bounded RunRequest/RunLedger semantics.","Core v2 has no independent replan, queue, resume-intent, or task-runner authority.","C1,C2","exact HEAD bc379401fd4d88efc714fb878628cb29e49765d2 AST parse + source/import/inbound scan; representative source review","141","8","0"
"src/ai4s_agent/run_plan_queue_summary.py","v1 run-plan, queue, review, and replan","ARCHIVE","none (frozen v1 only)","Run-plan queue, resume, replan, and task-runner layers are frozen with v1 and replaced by bounded RunRequest/RunLedger semantics.","Core v2 has no independent replan, queue, resume-intent, or task-runner authority.","C1,C2","exact HEAD bc379401fd4d88efc714fb878628cb29e49765d2 AST parse + source/import/inbound scan; representative source review","86","0","0"
"src/ai4s_agent/run_plan_queue_telemetry.py","v1 run-plan, queue, review, and replan","ARCHIVE","none (frozen v1 only)","Run-plan queue, resume, replan, and task-runner layers are frozen with v1 and replaced by bounded RunRequest/RunLedger semantics.","Core v2 has no independent replan, queue, resume-intent, or task-runner authority.","C1,C2","exact HEAD bc379401fd4d88efc714fb878628cb29e49765d2 AST parse + source/import/inbound scan; representative source review","61","0","0"
"src/ai4s_agent/run_plan_replan_application.py","v1 run-plan, queue, review, and replan","ARCHIVE","none (frozen v1 only)","Run-plan queue, resume, replan, and task-runner layers are frozen with v1 and replaced by bounded RunRequest/RunLedger semantics.","Core v2 has no independent replan, queue, resume-intent, or task-runner authority.","C1,C2","exact HEAD bc379401fd4d88efc714fb878628cb29e49765d2 AST parse + source/import/inbound scan; representative source review","451","3","0"
"src/ai4s_agent/run_plan_replan_application_artifacts.py","v1 run-plan, queue, review, and replan","ARCHIVE","none (frozen v1 only)","Run-plan queue, resume, replan, and task-runner layers are frozen with v1 and replaced by bounded RunRequest/RunLedger semantics.","Core v2 has no independent replan, queue, resume-intent, or task-runner authority.","C1,C2","exact HEAD bc379401fd4d88efc714fb878628cb29e49765d2 AST parse + source/import/inbound scan; representative source review","381","7","0"
"src/ai4s_agent/run_plan_replan_application_audit_memory.py","v1 run-plan, queue, review, and replan","ARCHIVE","none (frozen v1 only)","Run-plan queue, resume, replan, and task-runner layers are frozen with v1 and replaced by bounded RunRequest/RunLedger semantics.","Core v2 has no independent replan, queue, resume-intent, or task-runner authority.","C1,C2","exact HEAD bc379401fd4d88efc714fb878628cb29e49765d2 AST parse + source/import/inbound scan; representative source review","308","5","0"
"src/ai4s_agent/run_plan_replan_proposal.py","v1 run-plan, queue, review, and replan","ARCHIVE","none (frozen v1 only)","Run-plan queue, resume, replan, and task-runner layers are frozen with v1 and replaced by bounded RunRequest/RunLedger semantics.","Core v2 has no independent replan, queue, resume-intent, or task-runner authority.","C1,C2","exact HEAD bc379401fd4d88efc714fb878628cb29e49765d2 AST parse + source/import/inbound scan; representative source review","315","2","0"
"src/ai4s_agent/run_plan_resume_intent_validation.py","v1 run-plan, queue, review, and replan","ARCHIVE","none (frozen v1 only)","Run-plan queue, resume, replan, and task-runner layers are frozen with v1 and replaced by bounded RunRequest/RunLedger semantics.","Core v2 has no independent replan, queue, resume-intent, or task-runner authority.","C1,C2","exact HEAD bc379401fd4d88efc714fb878628cb29e49765d2 AST parse + source/import/inbound scan; representative source review","979","7","0"
"src/ai4s_agent/run_plan_resume_intent_validation_audit_memory.py","v1 run-plan, queue, review, and replan","ARCHIVE","none (frozen v1 only)","Run-plan queue, resume, replan, and task-runner layers are frozen with v1 and replaced by bounded RunRequest/RunLedger semantics.","Core v2 has no independent replan, queue, resume-intent, or task-runner authority.","C1,C2","exact HEAD bc379401fd4d88efc714fb878628cb29e49765d2 AST parse + source/import/inbound scan; representative source review","367","6","0"
"src/ai4s_agent/run_plan_resume_stage_gate.py","v1 run-plan, queue, review, and replan","ARCHIVE","none (frozen v1 only)","Run-plan queue, resume, replan, and task-runner layers are frozen with v1 and replaced by bounded RunRequest/RunLedger semantics.","Core v2 has no independent replan, queue, resume-intent, or task-runner authority.","C1,C2","exact HEAD bc379401fd4d88efc714fb878628cb29e49765d2 AST parse + source/import/inbound scan; representative source review","240","3","0"
"src/ai4s_agent/run_plan_review_artifacts.py","v1 run-plan, queue, review, and replan","REFERENCE_ONLY","docs/v2/evidence/ and future inspection tests","Run-plan verification and review artifacts are useful historical evidence, not Core v2 runtime authority.","Evidence references exact inputs and digests and cannot authorize execution by itself.","C1,C6","exact HEAD bc379401fd4d88efc714fb878628cb29e49765d2 AST parse + source/import/inbound scan; representative source review","215","4","0"
"src/ai4s_agent/run_plan_review_card.py","v1 run-plan, queue, review, and replan","REFERENCE_ONLY","docs/v2/evidence/ and future inspection tests","Run-plan verification and review artifacts are useful historical evidence, not Core v2 runtime authority.","Evidence references exact inputs and digests and cannot authorize execution by itself.","C1,C6","exact HEAD bc379401fd4d88efc714fb878628cb29e49765d2 AST parse + source/import/inbound scan; representative source review","175","4","0"
"src/ai4s_agent/run_plan_review_memory.py","v1 run-plan, queue, review, and replan","REFERENCE_ONLY","docs/v2/evidence/ and future inspection tests","Run-plan verification and review artifacts are useful historical evidence, not Core v2 runtime authority.","Evidence references exact inputs and digests and cannot authorize execution by itself.","C1,C6","exact HEAD bc379401fd4d88efc714fb878628cb29e49765d2 AST parse + source/import/inbound scan; representative source review","131","3","0"
"src/ai4s_agent/run_plan_state_fingerprint.py","v1 run-plan, queue, review, and replan","REFERENCE_ONLY","docs/v2/evidence/ and future inspection tests","Run-plan verification and review artifacts are useful historical evidence, not Core v2 runtime authority.","Evidence references exact inputs and digests and cannot authorize execution by itself.","C1,C6","exact HEAD bc379401fd4d88efc714fb878628cb29e49765d2 AST parse + source/import/inbound scan; representative source review","176","1","0"
"src/ai4s_agent/run_plan_task_runner.py","v1 run-plan, queue, review, and replan","ARCHIVE","none (frozen v1 only)","Run-plan queue, resume, replan, and task-runner layers are frozen with v1 and replaced by bounded RunRequest/RunLedger semantics.","Core v2 has no independent replan, queue, resume-intent, or task-runner authority.","C1,C2","exact HEAD bc379401fd4d88efc714fb878628cb29e49765d2 AST parse + source/import/inbound scan; representative source review","122","4","0"
"src/ai4s_agent/runtime_environments.py","runtime and provider profiles","SIMPLIFY","src/molly/core/config.py; src/molly/llm/profiles.py","Retain logical, server-owned profiles while removing v1 authority and environment coupling.","Profiles reference capabilities and credentials without exposing secrets or selecting hidden authority.","CORE-02,CORE-03","exact HEAD bc379401fd4d88efc714fb878628cb29e49765d2 AST parse + source/import/inbound scan; representative source review","476","0","0"
"src/ai4s_agent/schemas.py","shared schema monolith","MIGRATE","src/molly/**/schemas.py","Split only bounded Core, document, evidence, and OLED schemas; historical authority schemas remain frozen.","Each schema has one owning bounded package and rejects undeclared authority metadata.","CORE-01,CORE-04,CORE-05","exact HEAD bc379401fd4d88efc714fb878628cb29e49765d2 AST parse + source/import/inbound scan; representative source review","12298","0","0"
"src/ai4s_agent/scientific_agent_authorization.py","v1 authority and autonomy","ARCHIVE","none (frozen v1 only)","Freeze the v1 permission, authority-relation, autonomy-level, and lease stack outside Core v2.","Core v2 uses explicit RunRequest, closed ToolPolicy, and digest-bound approvals only.","C1,C2","exact HEAD bc379401fd4d88efc714fb878628cb29e49765d2 AST parse + source/import/inbound scan; representative source review","2021","7","0"
"src/ai4s_agent/scientific_agent_autonomy_l1.py","v1 authority and autonomy","ARCHIVE","none (frozen v1 only)","Freeze the v1 permission, authority-relation, autonomy-level, and lease stack outside Core v2.","Core v2 uses explicit RunRequest, closed ToolPolicy, and digest-bound approvals only.","C1,C2","exact HEAD bc379401fd4d88efc714fb878628cb29e49765d2 AST parse + source/import/inbound scan; representative source review","361","2","0"
"src/ai4s_agent/scientific_agent_autonomy_l2.py","v1 authority and autonomy","ARCHIVE","none (frozen v1 only)","Freeze the v1 permission, authority-relation, autonomy-level, and lease stack outside Core v2.","Core v2 uses explicit RunRequest, closed ToolPolicy, and digest-bound approvals only.","C1,C2","exact HEAD bc379401fd4d88efc714fb878628cb29e49765d2 AST parse + source/import/inbound scan; representative source review","589","4","0"
"src/ai4s_agent/scientific_agent_autonomy_lease.py","v1 authority and autonomy","ARCHIVE","none (frozen v1 only)","Freeze the v1 permission, authority-relation, autonomy-level, and lease stack outside Core v2.","Core v2 uses explicit RunRequest, closed ToolPolicy, and digest-bound approvals only.","C1,C2","exact HEAD bc379401fd4d88efc714fb878628cb29e49765d2 AST parse + source/import/inbound scan; representative source review","2185","3","0"
"src/ai4s_agent/scientific_agent_autonomy_policy.py","v1 authority and autonomy","ARCHIVE","none (frozen v1 only)","Freeze the v1 permission, authority-relation, autonomy-level, and lease stack outside Core v2.","Core v2 uses explicit RunRequest, closed ToolPolicy, and digest-bound approvals only.","C1,C2","exact HEAD bc379401fd4d88efc714fb878628cb29e49765d2 AST parse + source/import/inbound scan; representative source review","315","1","0"
"src/ai4s_agent/scientific_agent_conversation.py","conversation and memory projection","DEFER","optional src/molly/api.py; src/molly/cli.py","Conversation and memory are optional projection layers, not Core execution authority.","Core runs, artifacts, and reviews remain usable without conversation persistence.","after CORE-07","exact HEAD bc379401fd4d88efc714fb878628cb29e49765d2 AST parse + source/import/inbound scan; representative source review","6570","24","0"
"src/ai4s_agent/scientific_agent_deterministic_fastpath.py","v1 controller, replanner, and recovery","ARCHIVE","none (frozen v1 only)","Archive the v1 controller/replanner/recovery authority stack; AgentLoop and RunLedger are the only future execution concepts.","No controller, replanner, autonomous recovery, or second state machine is imported by Core v2.","C1,C2","exact HEAD bc379401fd4d88efc714fb878628cb29e49765d2 AST parse + source/import/inbound scan; representative source review","519","2","0"
"src/ai4s_agent/scientific_agent_evidence.py","scientific evidence projection","MIGRATE","src/molly/evidence/","Retain source-backed evidence packaging without v1 trajectory or publication authority.","Evidence packets identify exact source locators, input artifact digests, and claim boundaries.","CORE-05","exact HEAD bc379401fd4d88efc714fb878628cb29e49765d2 AST parse + source/import/inbound scan; representative source review","1027","7","0"
"src/ai4s_agent/scientific_agent_failure_recovery.py","v1 controller, replanner, and recovery","ARCHIVE","none (frozen v1 only)","Archive the v1 controller/replanner/recovery authority stack; AgentLoop and RunLedger are the only future execution concepts.","No controller, replanner, autonomous recovery, or second state machine is imported by Core v2.","C1,C2","exact HEAD bc379401fd4d88efc714fb878628cb29e49765d2 AST parse + source/import/inbound scan; representative source review","3072","18","0"
"src/ai4s_agent/scientific_agent_failure_recovery_runtime.py","v1 controller, replanner, and recovery","ARCHIVE","none (frozen v1 only)","Archive the v1 controller/replanner/recovery authority stack; AgentLoop and RunLedger are the only future execution concepts.","No controller, replanner, autonomous recovery, or second state machine is imported by Core v2.","C1,C2","exact HEAD bc379401fd4d88efc714fb878628cb29e49765d2 AST parse + source/import/inbound scan; representative source review","1384","5","0"
"src/ai4s_agent/scientific_agent_harness_controller.py","v1 controller, replanner, and recovery","ARCHIVE","none (frozen v1 only)","Archive the v1 controller/replanner/recovery authority stack; AgentLoop and RunLedger are the only future execution concepts.","No controller, replanner, autonomous recovery, or second state machine is imported by Core v2.","C1,C2","exact HEAD bc379401fd4d88efc714fb878628cb29e49765d2 AST parse + source/import/inbound scan; representative source review","4900","14","0"
"src/ai4s_agent/scientific_agent_permissions.py","v1 authority and autonomy","ARCHIVE","none (frozen v1 only)","Freeze the v1 permission, authority-relation, autonomy-level, and lease stack outside Core v2.","Core v2 uses explicit RunRequest, closed ToolPolicy, and digest-bound approvals only.","C1,C2","exact HEAD bc379401fd4d88efc714fb878628cb29e49765d2 AST parse + source/import/inbound scan; representative source review","1802","5","0"
"src/ai4s_agent/scientific_agent_plan.py","run proposal and input binding","SIMPLIFY","src/molly/core/runs.py; src/molly/core/tools.py","Extract bounded run request and input-binding semantics into the single Core execution contract.","Run inputs and selected tool are immutable, policy-checked, and digest-bound.","CORE-02","exact HEAD bc379401fd4d88efc714fb878628cb29e49765d2 AST parse + source/import/inbound scan; representative source review","3034","9","0"
"src/ai4s_agent/scientific_agent_replanner.py","v1 controller, replanner, and recovery","ARCHIVE","none (frozen v1 only)","Archive the v1 controller/replanner/recovery authority stack; AgentLoop and RunLedger are the only future execution concepts.","No controller, replanner, autonomous recovery, or second state machine is imported by Core v2.","C1,C2","exact HEAD bc379401fd4d88efc714fb878628cb29e49765d2 AST parse + source/import/inbound scan; representative source review","1986","10","0"
"src/ai4s_agent/scientific_agent_result_projection.py","read-only inspection and result projection","SIMPLIFY","src/molly/core/inspection.py; src/molly/evidence/","Retain read-only projections over factual artifacts and ledger records.","Inspection is reproducible and cannot authorize, mutate, or reinterpret execution facts.","CORE-01,CORE-07","exact HEAD bc379401fd4d88efc714fb878628cb29e49765d2 AST parse + source/import/inbound scan; representative source review","1443","7","0"
"src/ai4s_agent/scientific_agent_review_projection.py","read-only inspection and result projection","SIMPLIFY","src/molly/core/inspection.py; src/molly/evidence/","Retain read-only projections over factual artifacts and ledger records.","Inspection is reproducible and cannot authorize, mutate, or reinterpret execution facts.","CORE-01,CORE-07","exact HEAD bc379401fd4d88efc714fb878628cb29e49765d2 AST parse + source/import/inbound scan; representative source review","464","3","0"
"src/ai4s_agent/scientific_agent_run_input_binding.py","run proposal and input binding","SIMPLIFY","src/molly/core/runs.py; src/molly/core/tools.py","Extract bounded run request and input-binding semantics into the single Core execution contract.","Run inputs and selected tool are immutable, policy-checked, and digest-bound.","CORE-02","exact HEAD bc379401fd4d88efc714fb878628cb29e49765d2 AST parse + source/import/inbound scan; representative source review","674","5","0"
"src/ai4s_agent/scientific_dataset_builder.py","dataset, identity, and leakage validation","MIGRATE","src/molly/domains/oled/validators.py; src/molly/evidence/validation.py","Retain molecule identity, units, duplicate/conflict, trainability, and leakage checks as bounded validators.","Dataset and evidence validation is deterministic, provenance-bound, and explicit about claim level.","CORE-05","exact HEAD bc379401fd4d88efc714fb878628cb29e49765d2 AST parse + source/import/inbound scan; representative source review","302","2","0"
"src/ai4s_agent/server_permissions.py","v1 authority and autonomy","ARCHIVE","none (frozen v1 only)","Freeze the v1 permission, authority-relation, autonomy-level, and lease stack outside Core v2.","Core v2 uses explicit RunRequest, closed ToolPolicy, and digest-bound approvals only.","C1,C2","exact HEAD bc379401fd4d88efc714fb878628cb29e49765d2 AST parse + source/import/inbound scan; representative source review","475","6","0"
"src/ai4s_agent/snapshot_material.py","material snapshot identity","MIGRATE","src/molly/core/artifacts.py; src/molly/evidence/","Retain immutable material snapshot identity and source binding.","A material snapshot cannot silently change content under the same identity.","CORE-01,CORE-05","exact HEAD bc379401fd4d88efc714fb878628cb29e49765d2 AST parse + source/import/inbound scan; representative source review","313","1","0"
"src/ai4s_agent/state_machine/__init__.py","legacy package boundary","ARCHIVE","none (frozen v1 only)","Package initialization has no independent Core v2 contract or authority.","Core v2 does not depend on legacy package initialization side effects.","C1,C2","exact HEAD bc379401fd4d88efc714fb878628cb29e49765d2 AST parse + source/import/inbound scan; representative source review","6","2","0"
"src/ai4s_agent/state_machine/execution_state.py","v1 execution state machine","ARCHIVE","none (frozen v1 only)","The multi-layer v1 state machine is retained for rollback and comparison, not migrated as a second authority.","Core v2 has one bounded execution path with RunLedger as the factual record.","C1,C2","exact HEAD bc379401fd4d88efc714fb878628cb29e49765d2 AST parse + source/import/inbound scan; representative source review","35","0","3"
"src/ai4s_agent/state_machine/invariants.py","v1 execution state machine","ARCHIVE","none (frozen v1 only)","The multi-layer v1 state machine is retained for rollback and comparison, not migrated as a second authority.","Core v2 has one bounded execution path with RunLedger as the factual record.","C1,C2","exact HEAD bc379401fd4d88efc714fb878628cb29e49765d2 AST parse + source/import/inbound scan; representative source review","68","0","2"
"src/ai4s_agent/state_machine/provenance_chain.py","v1 execution state machine","ARCHIVE","none (frozen v1 only)","The multi-layer v1 state machine is retained for rollback and comparison, not migrated as a second authority.","Core v2 has one bounded execution path with RunLedger as the factual record.","C1,C2","exact HEAD bc379401fd4d88efc714fb878628cb29e49765d2 AST parse + source/import/inbound scan; representative source review","135","2","1"
"src/ai4s_agent/state_machine/transitions.py","v1 execution state machine","ARCHIVE","none (frozen v1 only)","The multi-layer v1 state machine is retained for rollback and comparison, not migrated as a second authority.","Core v2 has one bounded execution path with RunLedger as the factual record.","C1,C2","exact HEAD bc379401fd4d88efc714fb878628cb29e49765d2 AST parse + source/import/inbound scan; representative source review","205","3","1"
"src/ai4s_agent/storage.py","project and artifact storage","SIMPLIFY","src/molly/core/ledger.py; src/molly/core/artifacts.py","Replace mutable project-stage storage with append-only RunLedger metadata and content-addressed artifacts.","Ledger events are append-only; immutable artifact bytes cannot be silently replaced.","CORE-01","exact HEAD bc379401fd4d88efc714fb878628cb29e49765d2 AST parse + source/import/inbound scan; representative source review","793","4","0"
"src/ai4s_agent/storage_consistency.py","storage consistency","SIMPLIFY","src/molly/core/artifacts.py; src/molly/core/ledger.py","Retain consistency checks as small atomic-write and no-replace primitives.","Restart and duplicate writes preserve artifact and ledger identity.","CORE-01","exact HEAD bc379401fd4d88efc714fb878628cb29e49765d2 AST parse + source/import/inbound scan; representative source review","456","2","0"
"src/ai4s_agent/structured_dataset_canary.py","structured dataset acceptance","REFERENCE_ONLY","docs/v2/fixtures/ and acceptance evidence","Existing canary and confirmation behavior is evidence input, not a production Core v2 dependency.","Canary results are deterministic and labeled as contract evidence rather than fresh scientific parity.","C6","exact HEAD bc379401fd4d88efc714fb878628cb29e49765d2 AST parse + source/import/inbound scan; representative source review","1543","7","0"
"src/ai4s_agent/structured_dataset_canary_harness.py","structured dataset acceptance","REFERENCE_ONLY","docs/v2/fixtures/ and acceptance evidence","Existing canary and confirmation behavior is evidence input, not a production Core v2 dependency.","Canary results are deterministic and labeled as contract evidence rather than fresh scientific parity.","C6","exact HEAD bc379401fd4d88efc714fb878628cb29e49765d2 AST parse + source/import/inbound scan; representative source review","269","10","0"
"src/ai4s_agent/structured_dataset_confirmation.py","structured dataset acceptance","REFERENCE_ONLY","docs/v2/fixtures/ and acceptance evidence","Existing canary and confirmation behavior is evidence input, not a production Core v2 dependency.","Canary results are deterministic and labeled as contract evidence rather than fresh scientific parity.","C6","exact HEAD bc379401fd4d88efc714fb878628cb29e49765d2 AST parse + source/import/inbound scan; representative source review","1395","3","0"
"src/ai4s_agent/structured_dataset_private_canary.py","structured dataset acceptance","REFERENCE_ONLY","docs/v2/fixtures/ and acceptance evidence","Existing canary and confirmation behavior is evidence input, not a production Core v2 dependency.","Canary results are deterministic and labeled as contract evidence rather than fresh scientific parity.","C6","exact HEAD bc379401fd4d88efc714fb878628cb29e49765d2 AST parse + source/import/inbound scan; representative source review","121","1","0"
"src/ai4s_agent/task_state_projection.py","read-only inspection and result projection","SIMPLIFY","src/molly/core/inspection.py; src/molly/evidence/","Retain read-only projections over factual artifacts and ledger records.","Inspection is reproducible and cannot authorize, mutate, or reinterpret execution facts.","CORE-01,CORE-07","exact HEAD bc379401fd4d88efc714fb878628cb29e49765d2 AST parse + source/import/inbound scan; representative source review","113","2","0"
"src/ai4s_agent/trainability.py","dataset, identity, and leakage validation","MIGRATE","src/molly/domains/oled/validators.py; src/molly/evidence/validation.py","Retain molecule identity, units, duplicate/conflict, trainability, and leakage checks as bounded validators.","Dataset and evidence validation is deterministic, provenance-bound, and explicit about claim level.","CORE-05","exact HEAD bc379401fd4d88efc714fb878628cb29e49765d2 AST parse + source/import/inbound scan; representative source review","797","2","0"
"src/ai4s_agent/ui_cards.py","application and UI projection","DEFER","optional src/molly/api.py; src/molly/cli.py","Application, project, and UI surfaces are deferred until bounded contracts stabilize.","UI/API failure or absence cannot alter Core facts or approvals.","after CORE-07","exact HEAD bc379401fd4d88efc714fb878628cb29e49765d2 AST parse + source/import/inbound scan; representative source review","831","6","0"
"src/ai4s_agent/upload_assets.py","application and UI projection","DEFER","optional src/molly/api.py; src/molly/cli.py","Application, project, and UI surfaces are deferred until bounded contracts stabilize.","UI/API failure or absence cannot alter Core facts or approvals.","after CORE-07","exact HEAD bc379401fd4d88efc714fb878628cb29e49765d2 AST parse + source/import/inbound scan; representative source review","258","9","0"
"src/ai4s_agent/worker_queue.py","remote and worker execution","PLUGIN","plugins/remote_compute/","Remote submit/inspect/collect and worker lifecycle behavior remains an optional durable compute plugin.","Remote jobs are idempotent, restart-safe, server-credentialed, and never mandatory for Core/minimal.","CORE-06","exact HEAD bc379401fd4d88efc714fb878628cb29e49765d2 AST parse + source/import/inbound scan; representative source review","541","1","0"
"src/ai4s_agent/worker_queue_poller.py","remote and worker execution","PLUGIN","plugins/remote_compute/","Remote submit/inspect/collect and worker lifecycle behavior remains an optional durable compute plugin.","Remote jobs are idempotent, restart-safe, server-credentialed, and never mandatory for Core/minimal.","CORE-06","exact HEAD bc379401fd4d88efc714fb878628cb29e49765d2 AST parse + source/import/inbound scan; representative source review","214","2","0"
"src/ai4s_agent/worker_supervisor.py","remote and worker execution","PLUGIN","plugins/remote_compute/","Remote submit/inspect/collect and worker lifecycle behavior remains an optional durable compute plugin.","Remote jobs are idempotent, restart-safe, server-credentialed, and never mandatory for Core/minimal.","CORE-06","exact HEAD bc379401fd4d88efc714fb878628cb29e49765d2 AST parse + source/import/inbound scan; representative source review","221","0","0"
"src/ai4s_agent/worker_task_runner.py","remote and worker execution","PLUGIN","plugins/remote_compute/","Remote submit/inspect/collect and worker lifecycle behavior remains an optional durable compute plugin.","Remote jobs are idempotent, restart-safe, server-credentialed, and never mandatory for Core/minimal.","CORE-06","exact HEAD bc379401fd4d88efc714fb878628cb29e49765d2 AST parse + source/import/inbound scan; representative source review","186","1","0"
"src/ai4s_agent/workflows/__init__.py","legacy package boundary","ARCHIVE","none (frozen v1 only)","Package initialization has no independent Core v2 contract or authority.","Core v2 does not depend on legacy package initialization side effects.","C1,C2","exact HEAD bc379401fd4d88efc714fb878628cb29e49765d2 AST parse + source/import/inbound scan; representative source review","1","0","0"
"src/ai4s_agent/workflows/corpus_to_phase1_workflow.py","legacy workflow orchestration","ARCHIVE","none (frozen v1 only)","Phase/workflow orchestration remains frozen with v1; Core v2 composes bounded tools through one AgentLoop.","No second workflow or state-machine authority is required by Core v2.","C1,C2","exact HEAD bc379401fd4d88efc714fb878628cb29e49765d2 AST parse + source/import/inbound scan; representative source review","435","8","0"
"src/ai4s_agent/workflows/phase1_full_pipeline.py","legacy workflow orchestration","ARCHIVE","none (frozen v1 only)","Phase/workflow orchestration remains frozen with v1; Core v2 composes bounded tools through one AgentLoop.","No second workflow or state-machine authority is required by Core v2.","C1,C2","exact HEAD bc379401fd4d88efc714fb878628cb29e49765d2 AST parse + source/import/inbound scan; representative source review","107","5","0"
"src/ai4s_agent/workflows/phase3_to_phase1_workflow.py","legacy workflow orchestration","ARCHIVE","none (frozen v1 only)","Phase/workflow orchestration remains frozen with v1; Core v2 composes bounded tools through one AgentLoop.","No second workflow or state-machine authority is required by Core v2.","C1,C2","exact HEAD bc379401fd4d88efc714fb878628cb29e49765d2 AST parse + source/import/inbound scan; representative source review","127","5","0"
